duration,src_bytes,dst_bytes,failed_logins,label
4.1365728826843435,508.2772903785426,1295.5196266039802,0.0,normal
1.2159737069057273,418.91060637997504,1568.405143916586,0.0,normal
0.7265473259898461,764.201191049262,2239.0189075961416,0.0,normal
28.574812807281642,3893.5130769738735,43.7615975131274,15.0,attack
2.1552951703908367,457.51686524743616,2472.816713783815,0.0,normal
0.40656772687531273,612.7350089355485,3074.353146968526,0.0,normal
36.87951485609304,11456.418328451282,56.99450090606542,24.0,attack
0.8358281040035042,461.4327369022152,2166.380239318505,0.0,normal
3.0961716950057383,438.1839551316373,2497.434346893969,0.0,normal
11.72892605671116,3633.9361304330123,51.29446642547444,9.0,attack
1.939797749485852,381.8018003931781,1734.034245853954,0.0,normal
2.3747687467222023,451.7016073927159,2579.235998236664,0.0,normal
2.036141447296366,636.213240368508,1673.4313050350297,0.0,normal
1.6465739844404153,503.437530902646,1699.6260346807162,0.0,normal
34.83496750227205,7833.24722457737,55.172102161589606,36.0,attack
0.16416283728283482,664.3378155804534,2826.456525615211,0.0,normal
30.919492327668387,10361.726086595909,47.926432313059955,30.0,attack
1.849893680572464,445.20041812588624,2055.20902347306,0.0,normal
4.1301547618083685,507.56949400050934,2359.7997488124456,0.0,normal
0.2300077989817166,476.29880299873724,1504.236479447684,0.0,normal
1.4799186063175958,609.4798502227325,2088.84902289512,0.0,normal
40.23496604713549,8441.462037663929,38.63306881079185,49.0,attack
20.86778464677037,-1037.737828356776,57.92137399145469,46.0,attack
1.6635923188919528,734.9075786700757,2278.7042784255927,0.0,normal
3.3709945065282056,491.9082662337312,1930.8323589918111,0.0,normal
2.58391014601299,510.95715800778584,1585.8531198258006,0.0,normal
0.956919042162201,446.12391626539045,2705.346160210447,0.0,normal
1.3293759238864025,357.3981882879548,1668.6542582559823,0.0,normal
2.5769929259103335,642.8760162036771,3058.0060284154974,0.0,normal
33.878558628657714,8701.565682794657,35.55358746931586,28.0,attack
4.393965222397327,476.4726090027561,3286.3761946222367,0.0,normal
28.76979783482159,13953.361593453641,53.92044503868506,29.0,attack
3.44796794193202,351.5943335075665,2402.4666953661626,0.0,normal
0.45435072876389915,585.6737421470458,1357.6361167912664,0.0,normal
4.85425983765768,442.8816025915813,1083.4147741506363,0.0,normal
2.3463139782440465,533.3369851260878,2013.0925745928992,0.0,normal
14.535933093796348,8381.586229794062,43.561279888916474,35.0,attack
4.847501490899888,571.587274469096,2477.8519855569334,0.0,normal
11.099407793174837,15668.442490492544,52.07838383364071,44.0,attack
3.155569871213523,494.2604634925964,1423.146838184818,0.0,normal
2.3039447792244805,393.57799931826514,1438.4024745623112,0.0,normal
12.049581645856989,10122.398349259554,54.56203319151743,47.0,attack
2.648333303771273,432.3004861541469,2078.4115080490965,0.0,normal
2.4594595224114957,587.6169167191233,1979.5412324024655,0.0,normal
2.661390863971771,536.7619840209711,2359.5843331777187,0.0,normal
2.7982505592601727,540.4823408808268,2038.2590311218557,0.0,normal
2.9585069489760825,535.1479900352201,1747.6831288553826,0.0,normal
2.7782279959582454,510.29173905232375,2328.4493531598237,0.0,normal
1.3101961154527992,386.9821270515316,2595.586522470048,0.0,normal
3.240763178992127,419.36230708819505,1646.6654479634299,0.0,normal
2.351961880346753,491.89328945645826,2374.4680569029633,0.0,normal
29.942768678542212,14621.786840130027,57.569527361278205,21.0,attack
0.782063836593908,509.31583376997423,1063.379944090424,0.0,normal
1.0135474845068473,603.5443416416945,2713.6643257973847,0.0,normal
0.24103511393536098,484.184615562768,2333.774040184998,0.0,normal
1.0566789544868112,555.1964259331828,1623.44133468971,0.0,normal
4.196302590509808,505.2258490497483,1381.7608567038255,0.0,normal
4.0386439633690285,646.2254604034729,1908.707560793779,0.0,normal
4.985910050772785,503.24070133401364,2191.4608550286316,0.0,normal
4.852569025925625,542.1780074250871,1465.7396229587807,0.0,normal
2.2205577100363874,587.6714186386116,2559.169068396564,0.0,normal
2.1981781131355125,513.8645183710084,1950.342831103984,0.0,normal
3.7958983694004114,382.9719293603225,2322.194226769091,0.0,normal
0.8370427664072881,484.975701120174,199.45744777024106,0.0,normal
1.5428822217553968,455.405628613884,963.822409152001,0.0,normal
3.650531605553382,544.2316868164485,2717.928232042949,0.0,normal
0.4219723331989266,569.6167997159289,1629.8838737256458,0.0,normal
0.35324043372617775,501.88190497405986,1691.6123192401462,0.0,normal
34.52208103477915,-805.8105178585502,51.30129438098042,12.0,attack
35.2074227621829,9391.313731081873,43.67192400777818,12.0,attack
2.972526176882307,372.09692637802135,2004.4288518344476,0.0,normal
4.932432647950054,291.35223416289153,932.1000756325973,0.0,normal
30.947773289787527,8171.096273489968,50.55396911783334,14.0,attack
2.4893762673693334,439.6141068763045,2003.2743289022696,0.0,normal
0.3041972129516829,578.9919722180853,1530.7664471294574,0.0,normal
4.454865591357988,493.1876574832047,1567.8573690297321,0.0,normal
3.0049168844897403,433.05630863665095,1895.897371005017,0.0,normal
4.291756861653935,551.1499575361861,1470.3941458135491,0.0,normal
0.8651477270943327,216.09213405145732,2392.6728015051413,0.0,normal
1.3022106374384728,439.23536546265274,2570.1252763356024,0.0,normal
0.6392544301856161,503.00314791640824,2684.047118407449,0.0,normal
1.0238489681713308,763.78817522602,2264.0180022739823,0.0,normal
3.166867744541345,390.979159320057,2618.416233063633,0.0,normal
0.22647834405248624,618.1567716419146,1924.7659292525088,0.0,normal
0.9788869418598313,470.1179910970796,2645.7344445326817,0.0,normal
0.6164267687282456,358.7274241099444,1342.9002351884453,0.0,normal
0.7454036400375584,422.6970290397297,1771.5040830873843,0.0,normal
4.40699661138311,423.58132133621535,2279.3476414609095,0.0,normal
4.044446098435772,670.4102078059118,2640.61932676149,0.0,normal
2.508813279033041,560.8905356254631,2147.5704896687084,0.0,normal
4.642304742829047,305.06282446775765,2448.827885824872,0.0,normal
0.2527973618002949,607.0365160229929,2140.5960089551377,0.0,normal
0.2663352950704143,530.6981072686237,2764.165781743123,0.0,normal
13.493094902338765,17099.222436865268,43.92676954529085,10.0,attack
2.0219958209886886,437.79651944456185,2818.6058223514265,0.0,normal
3.4586750277873177,596.4155884171979,1290.3078221019796,0.0,normal
32.362451510610065,14970.013941844234,55.67994539524242,49.0,attack
0.8468384653190455,373.5993832052636,1092.1755120605912,0.0,normal
17.253034244172525,5406.917707384837,35.45385251422839,23.0,attack
3.161883088074295,587.1524386087934,1915.6076312920254,0.0,normal
4.192982228387266,525.7975981221181,2122.478546586002,0.0,normal
2.3711208146228047,715.4928677383142,1412.8988521399267,0.0,normal
1.0608787924181255,676.8169293059783,1723.6535231082514,0.0,normal
2.1263905974742228,595.1306244299483,2265.1845944993997,0.0,normal
4.233883353853936,723.1498911027749,1044.420337369756,0.0,normal
24.863433636501398,6960.9500998517115,25.293367171205993,5.0,attack
4.81131239041315,502.2339239318608,1593.1677124312237,0.0,normal
3.557370726954741,703.5873535181793,2335.6350683526766,0.0,normal
2.305287333188504,547.5751991831532,2449.1512748445175,0.0,normal
2.4029425139738896,476.50757284790257,2327.1940670303816,0.0,normal
30.964461649078206,9613.89144200787,50.68680709650538,11.0,attack
3.7137909613491344,550.3090368623747,1850.061262751694,0.0,normal
43.95009866675373,13634.352618724679,47.32808434344712,46.0,attack
2.742776985386689,513.4296497247793,1966.3848464019343,0.0,normal
2.316359594139671,629.4985584816956,1670.8086410297774,0.0,normal
4.550319594631582,397.39191558043757,1647.122218886401,0.0,normal
1.1243909311635456,472.31106442311966,1796.9854227936423,0.0,normal
4.30017835929389,619.1085854773477,1533.440455656929,0.0,normal
37.06946794719546,7213.593451927232,58.70060216907484,23.0,attack
0.7982281602174148,617.3442276632445,2078.817279220472,0.0,normal
4.463583675625485,515.946250680413,2095.944772510824,0.0,normal
1.1785454969332905,483.16995768283573,1656.6977340758995,0.0,normal
1.335980998849472,476.2316683039016,2074.404380839795,0.0,normal
0.6293261952403878,437.134569492543,2390.6790599032574,0.0,normal
3.8281715215608307,431.432508240987,1188.512518998218,0.0,normal
3.507789312780325,661.6300042721916,1014.8457093242995,0.0,normal
2.170883065366685,372.16473711976755,1671.5822656527848,0.0,normal
0.1875822801937277,635.5572935710348,1075.8707349607926,0.0,normal
0.8983786926990055,412.32262187881554,3202.4187711269865,0.0,normal
4.935745989342535,624.9618905296667,1974.5996056902331,0.0,normal
2.3735103210177484,608.3145212660735,2605.0830476826595,0.0,normal
1.3676870465616608,484.21624901597403,2295.5452656626107,0.0,normal
2.512161496595371,594.5211534611484,1278.6426069986437,0.0,normal
2.1539960919203947,401.7675727723224,2495.283413721395,0.0,normal
2.206927549193193,487.346742025294,1669.5794016237096,0.0,normal
1.7658621325869162,365.27460824186505,2709.5322066787603,0.0,normal
4.206959377444348,460.66177022553427,1834.110614113939,0.0,normal
25.63334197068887,5818.30731751856,70.54095582923644,35.0,attack
1.2955492525575096,602.6986263319732,1602.005544995623,0.0,normal
3.986980617147447,527.242139665361,2305.5354525552852,0.0,normal
1.2351913367788727,719.6223142152799,1800.0866328567367,0.0,normal
3.963391981941164,472.5197695247312,2165.4335142031755,0.0,normal
22.18319788348996,63.44885136785706,47.99746173187224,21.0,attack
3.534748744149688,352.0555776860276,1949.006672703161,0.0,normal
4.692419587458611,602.5109152581773,1334.886872179331,0.0,normal
2.458586343013086,462.6731754058686,2080.134428708788,0.0,normal
1.0315274839402655,560.2580267978341,1482.7010201966727,0.0,normal
3.7661011690393478,480.669577355203,2018.7816756905559,0.0,normal
4.178581344338875,447.20059782343867,1731.0280168334298,0.0,normal
0.40522981083730725,547.5365610692011,1806.5352767000263,0.0,normal
3.8177050737032117,538.1425617534342,1869.695833833021,0.0,normal
14.005731509534044,10852.07708796556,69.72524773046905,48.0,attack
3.475537980045445,662.3884992811152,2387.0113870355262,0.0,normal
26.587606166631453,6823.473151891677,44.84565135318615,43.0,attack
0.74429668750011,449.98021829040044,1746.1529358051448,0.0,normal
49.93075904816274,8593.937688558557,37.57580326167588,48.0,attack
4.286486957510938,516.8015340532529,1559.019617866413,0.0,normal
1.5315087778225691,597.8422112028035,2157.2222954374265,0.0,normal
35.24263112670785,10519.146175163489,51.05075971208295,23.0,attack
0.73739528216184,628.8863425206303,2814.659258720806,0.0,normal
1.7970953723932104,524.2882013150275,2119.0856530698143,0.0,normal
4.000039297003162,587.2153105684055,1213.8847279609352,0.0,normal
3.2892991083312517,579.6701927070742,2389.9143203775247,0.0,normal
0.26269523307769616,412.17367471765334,2332.6672672544373,0.0,normal
2.335558893882156,543.0862419015037,1536.9183682583957,0.0,normal
45.78084974199739,9705.368227384743,34.848850637505194,44.0,attack
1.9339268992049898,417.60645130280005,1935.5613106556232,0.0,normal
2.1218470201582567,603.7158898658244,1422.6828306355778,0.0,normal
3.47868108005465,505.58639398444967,1994.001327686138,0.0,normal
2.708230192162127,400.1905372230965,1664.7284192916584,0.0,normal
3.8645397279361395,260.80437956869764,1173.878661323255,0.0,normal
2.1566638529379993,433.31512830484365,2046.3137939744618,0.0,normal
28.74187799165889,8484.536401541369,50.55453335157699,24.0,attack
19.062153941051648,10556.11667420429,44.53161544805217,31.0,attack
2.048300654909066,460.0534509527147,2758.0580901775215,0.0,normal
4.8735527747001495,401.99376981593855,1989.5394813084615,0.0,normal
3.9319376295848913,426.0971341976767,1566.5577075582667,0.0,normal
3.07791029490641,607.5343401956898,1795.3297123906877,0.0,normal
4.473539092600891,617.0198709196604,1472.64777251704,0.0,normal
4.366278267215036,457.8801183387087,2458.2838068888504,0.0,normal
1.6332462316468765,529.1202755138032,2477.6942855899256,0.0,normal
40.7493917351521,8654.794540559587,48.98802372682468,27.0,attack
0.4771993886183348,335.8619884397903,1517.4772097119103,0.0,normal
1.3120056985416686,468.49132688058916,2727.8002396286493,0.0,normal
0.29278334927569727,425.0642310577222,1927.5666224269528,0.0,normal
1.5039457897429027,488.86811512021995,2336.3783935997108,0.0,normal
4.324425324600708,709.3197932209945,1841.6602270328754,0.0,normal
3.0067856935261834,514.934191105988,1984.3692929228769,0.0,normal
0.2525570061341057,581.9925252635235,1941.4139975128123,0.0,normal
22.16818072540015,7271.929218356237,70.5150946408558,39.0,attack
2.9442912448691105,603.8606069208817,1750.3761927526723,0.0,normal
3.57004323436188,341.78232366538725,2158.0339348649754,0.0,normal
47.676421794059195,8773.462569060988,41.43498042880577,21.0,attack
18.667369759560106,18706.918276433527,66.23843744269257,43.0,attack
3.2501213592876677,450.2038153182158,1906.3348450893495,0.0,normal
3.940579743978447,501.94582555188833,1942.5245342540786,0.0,normal
0.9531357431370133,406.0536758014017,1818.3439958057274,0.0,normal
1.4030494080973823,624.3469128345963,2865.258975913979,0.0,normal
0.7586319170009738,421.06614942803253,2073.9103695182635,0.0,normal
0.4770706879831249,628.4095793948118,1964.5815760419548,0.0,normal
17.62993054823211,16746.619639053697,43.42101511425259,17.0,attack
4.859835960804034,494.68931983030893,2505.1896566416317,0.0,normal
2.8281381757682564,362.8256870736494,1802.3582259919096,0.0,normal
2.498023433292285,550.9683077242329,383.7172837437831,0.0,normal
0.7999256275902262,533.1470896330895,1736.1731119108313,0.0,normal
0.29413224420695006,276.9531980875541,1960.60579995985,0.0,normal
1.4721829147973984,480.9759155586784,2555.4555723672165,0.0,normal
0.4202941720654877,449.64303810922826,1372.9886737857419,0.0,normal
2.05664798746561,484.98830487461936,1420.6983681702573,0.0,normal
16.343920233521693,5784.488476685654,65.2085123206378,40.0,attack
0.5525665877457547,418.5131851090656,2540.6584788842683,0.0,normal
3.380486080471132,501.93812376980253,2328.464533171044,0.0,normal
0.3115513054053572,727.7086498053304,2023.649371564364,0.0,normal
3.1274514769859483,416.11073259742636,1615.6167949807398,0.0,normal
2.181769130053626,642.4627732077244,1434.4656850325143,0.0,normal
4.7748500335677395,593.3128072341069,2222.447947504942,0.0,normal
2.0160610587242536,340.98581693197025,2544.8147614545805,0.0,normal
10.480366523370567,4211.435380293653,47.973467371778504,25.0,attack
46.77718402233631,5697.380660093805,53.80336650315883,36.0,attack
4.6392747729774255,782.4330591003046,1199.4094005942134,0.0,normal
3.5605869130668317,402.66211619729654,1213.5053714635696,0.0,normal
0.9412285006566872,488.65193541178587,1948.2686050765383,0.0,normal
3.1051292559481576,596.8769895681353,1937.640920881757,0.0,normal
4.788319095873002,617.7184963184338,2411.2864606002404,0.0,normal
3.8079778186359836,478.421287367178,1860.3248764715393,0.0,normal
15.163853994385335,8443.958554131594,44.20871162993124,38.0,attack
1.1390197155503108,535.6972759266926,1835.8123702915989,0.0,normal
0.4976309748275719,438.38565419510564,2157.0113012430575,0.0,normal
0.2761171416040362,658.8626928043595,2394.1020703985932,0.0,normal
1.4718975589353926,582.8229690184622,2732.6052517406906,0.0,normal
1.6856900738327523,417.5387749565239,2128.498722792915,0.0,normal
1.089876775172201,572.4136559314497,1783.0047688920215,0.0,normal
4.473364120778746,503.39027236823375,2146.0744210593994,0.0,normal
4.901854613858368,519.2596918731305,2762.2585905579517,0.0,normal
2.605249764783681,486.90741948738736,2096.4309215750955,0.0,normal
2.5351210662385686,481.614610684079,2671.3609306755925,0.0,normal
0.7587321340997971,450.13661042115484,1996.468547724585,0.0,normal
0.8411094608011793,457.13454730834667,1235.1255224979543,0.0,normal
2.766844433957119,646.6782556898976,1304.0083566014619,0.0,normal
42.41607763435933,19646.34998310641,42.51990513399465,25.0,attack
3.6690171862642655,573.1898069234381,1672.3362383996027,0.0,normal
4.869574833907624,428.0010466778061,2338.818550962444,0.0,normal
27.81621714311339,10183.018282815396,46.31116897062976,26.0,attack
0.9890336319400069,574.9900239423711,2052.639311954839,0.0,normal
3.1355026954471112,570.3440133138894,2390.1008605930374,0.0,normal
3.117665480455861,505.11979018810854,2049.913157549884,0.0,normal
3.5709785859036707,480.30781920031103,1679.4175353015748,0.0,normal
45.77559414793963,11765.196242075004,46.00303509164009,33.0,attack
31.539039066508238,9190.676173211346,38.9281673011824,33.0,attack
0.9375883718621566,771.0794299040533,1346.4508278004337,0.0,normal
2.374066281322169,452.9796661214689,1921.8618316474785,0.0,normal
14.97693507628853,2253.9877742608087,49.277073402855144,42.0,attack
3.6737894910311826,557.6451345122423,1779.5489056945723,0.0,normal
3.492558720059185,465.1842603182687,1794.3697847582584,0.0,normal
11.62002745927678,17406.182958117974,57.47058827824123,16.0,attack
33.65370359194567,4092.1671044879386,45.79014131986824,32.0,attack
3.8288547241376603,469.48111545192484,1948.9484705542804,0.0,normal
0.8007055010620594,437.07878504705576,3003.2043188564685,0.0,normal
1.838998649084115,503.26388366908714,2461.2405851165545,0.0,normal
1.7019649200565878,503.13958655327764,1551.7072296764043,0.0,normal
3.5003529934997686,481.2140598991281,1888.166714098278,0.0,normal
3.0313039409123204,451.93520585117585,2924.054552052776,0.0,normal
20.280249288897288,-1845.1215579062573,59.092873966936935,43.0,attack
4.144536754207346,471.94979465883824,2504.792983945597,0.0,normal
2.8720866235793765,363.43825958098506,1760.0176786438956,0.0,normal
4.04778374945526,442.9359569799887,2009.1262304280565,0.0,normal
4.59483651976499,599.0166238959289,2463.128745542196,0.0,normal
4.483305911781048,563.3661024774059,1651.3178860419146,0.0,normal
3.9381601164846343,534.2926377321343,2444.4938745918216,0.0,normal
37.338109736842014,18073.916271236638,46.83396557096926,26.0,attack
4.019588818328628,338.41132125895274,1279.0448219440955,0.0,normal
4.989322192841693,450.23274765709607,1238.2010946659166,0.0,normal
13.531127718736379,9539.170945892618,36.88263307754875,18.0,attack
4.524185476440738,430.05854598767127,1940.170548763425,0.0,normal
18.99040950635278,9968.32929767372,50.38078019396459,33.0,attack
2.7474530057725057,472.96333032388304,1580.1958139796639,0.0,normal
4.380535258123208,421.7996507488963,1854.7792589944254,0.0,normal
4.600289517512502,388.5918641766913,1660.7526347563892,0.0,normal
2.788795567896272,540.0481386506328,1357.0679913601425,0.0,normal
2.0811619637110317,471.4905742957986,1653.0977910490888,0.0,normal
0.5267545572992803,303.26749357740056,2268.403734612452,0.0,normal
1.2475965175390376,433.53489024979376,1820.3573478467918,0.0,normal
3.293167444341837,532.4340210014868,2787.073393016204,0.0,normal
1.7753358627169027,323.46124129700263,2144.075020770127,0.0,normal
0.7987113060013529,540.6622034222675,2036.1441735624348,0.0,normal
10.54417581802673,20282.92910353798,45.70817709772346,28.0,attack
24.862924340648004,14280.240473877564,45.77799315195256,48.0,attack
43.66700837085955,1034.2324877292467,57.50469861935095,29.0,attack
30.00592332657597,12481.24283122714,40.073409845484186,34.0,attack
3.898695853991252,387.9582081063611,1567.784843163231,0.0,normal
4.642906531135802,713.5586730077366,490.72161471610366,0.0,normal
4.719385693262116,549.2986458514459,3688.6914595413227,0.0,normal
27.334677947873395,9492.96085139068,45.14409887954991,32.0,attack
43.460807777903156,3028.5112489779112,51.61513499238407,39.0,attack
2.1470572326199355,584.47743757817,2483.4783226724085,0.0,normal
2.422412037288075,455.1775383699851,1637.5694580999739,0.0,normal
1.7653873224635244,261.3070129804327,2053.8497245533094,0.0,normal
4.971282869983721,267.96844017695764,2716.916419329922,0.0,normal
4.184884813494169,489.64131465942194,2634.356947288285,0.0,normal
1.8532890121563896,557.9346759756776,2209.2572795785272,0.0,normal
23.13234841431648,2911.80121386297,52.56719172795741,38.0,attack
2.1140032688011745,498.0205655479292,2795.3978710856263,0.0,normal
28.316766687984835,14976.514502646114,57.422099624265,39.0,attack
1.9283008302696798,596.2502885800102,2561.1016666466844,0.0,normal
4.1508660627332885,654.0323979819887,2399.2506689536103,0.0,normal
17.709740288494736,4552.432958632723,47.76060575686726,44.0,attack
3.358067449987369,473.43954397138947,942.6532004631322,0.0,normal
33.51734932137058,16723.425866153073,70.54809818638648,25.0,attack
4.639672609985306,606.1256258512118,1941.7558236844827,0.0,normal
32.18322686142498,16491.672448877085,51.41989450575593,6.0,attack
3.5624863624056773,582.9323772582862,1733.581865610038,0.0,normal
1.011896947446759,430.76492257662056,1694.4994379551854,0.0,normal
2.2207984108263994,268.59559339998947,1638.8262976924852,0.0,normal
2.1326155614545597,560.3094684948834,2497.175759907712,0.0,normal
3.505672621406911,398.55202732925864,1833.4761895122388,0.0,normal
19.020124100838505,4347.397719835194,56.7376883433626,29.0,attack
3.397536449732719,631.5508290940104,1237.1687953565788,0.0,normal
1.7939103681692055,623.0222175650788,2144.0141841527447,0.0,normal
1.1532078550947082,500.2287936143504,2292.510666143899,0.0,normal
2.8204839768373655,662.8468554772321,1491.0442547614205,0.0,normal
16.873382276676647,13523.947212194935,52.81934303205162,21.0,attack
1.6561752967794718,551.6644445935967,1571.2787852263916,0.0,normal
3.3459266573352338,460.60133187568795,1614.5931846929552,0.0,normal
1.7543143398777772,251.21913434649207,1679.1364281739352,0.0,normal
1.5747214780393999,495.2629297455564,1811.7887227059023,0.0,normal
3.2946101715627427,492.25565392740066,2104.426771267166,0.0,normal
32.037767753624124,6209.180902500359,61.24095894701625,35.0,attack
2.542366774752381,303.14957865619465,2861.537358823125,0.0,normal
2.2053183824207823,505.02276991656805,1734.2942994307875,0.0,normal
4.12280698476579,587.8963973070652,2123.9231409509125,0.0,normal
3.198717489209099,622.7273822081263,2770.6605724006604,0.0,normal
12.797760405545251,1858.729761424128,35.12710206792571,24.0,attack
3.3210320626336305,517.6150451887692,2000.9017531782072,0.0,normal
1.4296102556920902,572.1479323757343,1130.3974239136,0.0,normal
3.388356469721283,580.0701947545576,1723.537991881883,0.0,normal
42.29994926626643,10677.590013958978,63.824333409054326,37.0,attack
2.3262925730315103,585.6975536982786,2193.0832489991944,0.0,normal
2.7041290795275965,525.7373106417349,2812.6651545375976,0.0,normal
3.291959902924135,349.9778138553064,801.9588558347918,0.0,normal
1.9353091463985947,450.8043095130517,1686.2299986279636,0.0,normal
4.819790443258995,576.4029781572859,2245.996743418248,0.0,normal
23.208609006401097,2314.869994360354,46.09111732827611,6.0,attack
1.5697161419074113,428.2818099277529,1870.1394144617338,0.0,normal
0.29075682029577055,413.8690420302892,2020.7709202819474,0.0,normal
1.7561762685725257,529.2715482141854,2315.437801798078,0.0,normal
4.591512655621916,668.9188933651678,2164.3220129024044,0.0,normal
35.708686189822316,9791.699883093326,40.80101829553846,24.0,attack
1.9066651372374968,476.9338333360292,1897.533762879196,0.0,normal
0.15933152865094852,606.0089739908666,1821.2924759146501,0.0,normal
0.6947862031699016,596.7826024025204,1675.7653999904312,0.0,normal
1.9808105269203997,708.2660322109798,2196.2280092352603,0.0,normal
1.5678718219739822,457.42443953484093,1966.9170327267827,0.0,normal
4.974844954131859,523.2868087426898,1849.6628197781588,0.0,normal
3.419904908030055,568.1743408815141,1898.3408572912467,0.0,normal
3.966939069175958,503.4713748752562,2213.9813132763175,0.0,normal
3.993126168004669,555.5941451645842,2297.4271866986223,0.0,normal
0.15405319570037135,398.22356909230473,2107.084470565875,0.0,normal
29.71969716418127,10576.199334860092,50.9390648166045,33.0,attack
2.4216681591499385,464.92217943984457,1440.374878889678,0.0,normal
0.7623148168586316,734.3654052812625,1668.4177049369086,0.0,normal
20.044491472760242,7375.702698377827,41.25223775745632,31.0,attack
3.2040432771481218,585.9584872343556,1007.656029277045,0.0,normal
3.67142106712274,659.0403568573638,1403.5133144904316,0.0,normal
3.7130496792002186,544.7393937068975,1440.7382578941838,0.0,normal
0.11576949166096555,647.8071898356444,1158.1337161929757,0.0,normal
3.1294483804984505,395.74223053294236,2053.9919603626145,0.0,normal
1.5558964065535579,390.44806111544375,2442.62816043298,0.0,normal
0.8570117996241364,667.286820189853,2021.9502665616942,0.0,normal
2.2854282874939833,452.25892938071996,1482.0190356966802,0.0,normal
1.7825948406704568,469.9174043967701,1330.6381469322132,0.0,normal
1.3823578503059395,481.5854184316798,2698.9221535157494,0.0,normal
1.4765790974681658,637.0536143996713,1897.9351155636418,0.0,normal
1.3639139758042627,397.36307923341076,2425.795522946599,0.0,normal
3.5105010284635823,529.0897057590006,2418.2420689824703,0.0,normal
3.4393633388972535,665.3617268492285,2405.130022187667,0.0,normal
4.868076309770261,501.61247879004725,1211.3858145402496,0.0,normal
17.717377451711812,11470.081996533156,56.98425134384372,32.0,attack
2.819916251581203,534.1660231952626,1964.5473187363157,0.0,normal
2.5800951279171964,417.3888008285458,2067.7144173599786,0.0,normal
1.9572983783768718,568.6956632098677,2407.662083404507,0.0,normal
1.5476794096393596,352.79629269732084,2408.733563349186,0.0,normal
3.027324200634511,635.6583385827983,2409.382985424408,0.0,normal
1.416519060986236,631.1167497802625,1270.6208037346532,0.0,normal
2.2743760745923987,593.7477492506926,1618.933275742951,0.0,normal
46.84118064215208,3199.882118447027,62.09369178334763,39.0,attack
12.479001439580774,6484.217688720932,54.39669722273024,8.0,attack
2.4895686362441958,431.395024296482,2431.3772959763432,0.0,normal
33.75417458823203,15987.442700190873,50.220677009368636,27.0,attack
0.4286747392032947,451.17261575484554,1843.5817634742389,0.0,normal
2.396437145771219,573.4637545459329,1459.998695808934,0.0,normal
42.357092288711655,6154.188406789246,42.49099634044182,37.0,attack
4.10479602984486,503.42718142002224,1337.3593140237795,0.0,normal
32.45102059424849,1211.0628802896372,52.7194059094054,14.0,attack
1.5009432672718848,426.5766678028962,2152.5754179374862,0.0,normal
0.44793755621295184,659.9470940113789,2832.5711912718907,0.0,normal
4.46229254106549,521.273977585766,3022.240778599972,0.0,normal
2.6435007471674687,524.6083615316409,2034.1610649699087,0.0,normal
3.715694891809266,493.5815838711181,1843.9640339736336,0.0,normal
24.65212581049356,2660.409111805996,46.933117844795,23.0,attack
0.24039689513050713,456.4210270376364,2206.686014565198,0.0,normal
0.499986911949889,453.8830267965381,2076.2629414488083,0.0,normal
26.205042933474402,8896.05425103973,46.47950343967708,44.0,attack
4.087595596564048,427.1922902144679,2071.0222394152725,0.0,normal
1.6933982779310608,605.8728529883879,1678.4083289864848,0.0,normal
1.2850762254122134,659.058207261785,1356.1973581734694,0.0,normal
1.4436544915084832,459.56380073099774,1270.8934430906247,0.0,normal
0.9241979132559391,660.5355962361807,1560.9391481972737,0.0,normal
2.7593497724032217,422.7431251243759,1857.6872478731605,0.0,normal
10.890014077053237,1108.9863621707627,52.0103350371657,47.0,attack
14.28943207078094,5834.292383355169,60.27552713675157,27.0,attack
1.2636449280860618,482.7154325185889,1723.60454122741,0.0,normal
28.101345761172027,12553.380689294037,55.21595160352507,44.0,attack
4.412387529051145,602.9413100955326,2026.228693444722,0.0,normal
0.7682202303751718,599.558151400203,1913.9793203672637,0.0,normal
0.7824331560505976,600.9471788595969,1893.9551650397873,0.0,normal
2.075718005052936,496.49035332154057,1912.778032857359,0.0,normal
4.986193534124457,512.4175684744613,2838.812721078067,0.0,normal
4.5827449152336905,293.49169537436796,1646.2802275939061,0.0,normal
0.7493708964350573,568.5589746298416,1964.888189712687,0.0,normal
0.7557589786984964,466.8568628718497,1752.14702671255,0.0,normal
1.283353077164884,549.1412756355527,1058.739624266268,0.0,normal
1.1821786365187439,547.9003143392758,2411.4942960016606,0.0,normal
4.981172600144016,425.25443460417875,1268.9447724022925,0.0,normal
1.8646683966104438,308.5939929412533,2165.391903269118,0.0,normal
4.264879320255243,482.4705470095987,2606.589594195795,0.0,normal
0.30592090833988594,511.41014922265197,2706.8848241456294,0.0,normal
20.933183324986516,-2891.464250702651,66.82662914648114,31.0,attack
2.156174175753371,456.6610433313847,2244.6059123321506,0.0,normal
1.7180538178703382,541.5836836286061,1686.4756926511295,0.0,normal
1.907676833891885,382.776624656336,3303.4295815748847,0.0,normal
1.4270780311841638,513.1927966771957,1816.381499600357,0.0,normal
4.484601614696586,538.737148063299,1717.0314345537972,0.0,normal
0.15736239258142992,376.04377139197607,1899.657390812335,0.0,normal
3.3513331228818823,536.0647891435794,3038.888792599222,0.0,normal
2.3283452785080394,421.28259300130037,2567.3198499105283,0.0,normal
23.840096518891055,8276.825814959218,55.667603811176576,29.0,attack
13.332103324471856,4922.462805933395,32.64266063052373,28.0,attack
28.936845225337823,7114.977801363985,55.2423017995203,27.0,attack
3.056898107568752,504.5563881141898,2281.427240228565,0.0,normal
0.22344772840022387,503.4807540499832,1863.1861948033659,0.0,normal
3.701136652234982,496.8481486671896,1857.1567259538683,0.0,normal
1.8209749980090266,454.61085838468716,1751.4737565821588,0.0,normal
2.0673221477203128,481.3321037686555,2448.3986660166174,0.0,normal
2.7523520429752457,684.9362141386381,918.9838500362805,0.0,normal
4.201501513690406,619.3311005927126,2435.8512927994066,0.0,normal
1.4653510092636786,480.4527356414026,2216.7262208497405,0.0,normal
3.2825937555664924,542.1716933003097,1407.039200406572,0.0,normal
0.9019141200419521,483.78760245201414,1172.3876439052835,0.0,normal
0.8586602017288273,436.8597444433442,2580.751524240988,0.0,normal
0.5590063623576532,716.5056067806602,2465.8329834340475,0.0,normal
0.7579467694211501,564.4123767850109,1140.5347935230766,0.0,normal
45.56856053696763,16420.401382711436,51.638714017364556,47.0,attack
29.79646419106642,8063.091274926426,56.82489209260636,15.0,attack
28.715701125281,9533.696672291177,58.03986495890503,19.0,attack
10.907473687297902,2073.7699463507133,47.85479049664091,40.0,attack
1.2368890835131727,439.1506096268798,1906.781792089223,0.0,normal
0.7802531459821097,642.8857707813568,2364.9096811338154,0.0,normal
3.0787355490444486,695.9837254744675,2291.9185407695295,0.0,normal
0.864491338167939,454.0909689781008,2274.033462353585,0.0,normal
4.539826596358177,657.943789169486,761.6039665614564,0.0,normal
1.059312129849376,548.0260501405925,1966.276720722409,0.0,normal
3.0245741967500215,632.8166053957333,2250.056414810433,0.0,normal
3.413270054169627,448.224255277778,1601.2809414649505,0.0,normal
0.26262783735588846,394.61645046356546,1532.7030525507644,0.0,normal
23.411532683178823,5235.694797068498,50.661411151490015,27.0,attack
12.523006973718669,11654.31765533456,51.66967623334163,20.0,attack
23.409913428013244,12001.841447312805,31.5624704120737,45.0,attack
2.8907449198788084,513.6597395588752,2433.9027297712228,0.0,normal
1.8194835615051859,430.4305122802936,1480.389918004617,0.0,normal
0.32198964788301815,362.7534452115899,879.0420327455436,0.0,normal
4.366373431741453,234.81719369550513,2171.2254395884506,0.0,normal
0.5004541941592134,449.40338010121445,1078.531546876162,0.0,normal
4.963169160576038,548.6184791561939,1742.955597816051,0.0,normal
3.9336888718855403,426.7031100876241,2480.466089304131,0.0,normal
39.94235942682707,6107.064765941443,39.183489037359394,5.0,attack
3.057822282740938,410.6404986280879,1043.3298326385984,0.0,normal
3.5003473778887906,465.0560672783044,2747.7291226214784,0.0,normal
3.1386497292275304,456.8874430424901,1470.481438993951,0.0,normal
4.6695189042546295,436.91544492091435,1343.755654831844,0.0,normal
49.56826103192372,9203.357112453245,47.71848650711766,20.0,attack
3.969522684998148,340.5244041836668,2378.5884105510113,0.0,normal
3.9459951878461914,602.8768991423481,1829.4535339291958,0.0,normal
43.05436840700017,4017.424759245335,26.41535857792535,27.0,attack
48.82912655943178,13976.17124628591,61.587548345098696,9.0,attack
0.9364709802311529,356.6269975189772,2113.1521038725673,0.0,normal
37.53586819707633,12737.699100845268,42.10753405113803,19.0,attack
22.775364673347408,6683.30838243849,61.464718774879024,35.0,attack
3.7401193189729014,380.9083494026273,2051.5587912228184,0.0,normal
3.692253809834877,549.6400117733941,1752.5177245546497,0.0,normal
2.1453139154290173,437.22660939154946,2431.7186400949395,0.0,normal
17.353829075571912,13702.106070238757,48.1081966484108,13.0,attack
32.713043655983356,7140.48575095038,57.20989153430919,11.0,attack
18.427516681212058,5885.661975010111,34.297633459181554,44.0,attack
1.440770664780163,447.43690660146154,2284.3223080063854,0.0,normal
39.75448579543993,7697.169851202212,43.23660284236455,44.0,attack
4.757249935818949,524.9450945930072,2772.4207312091294,0.0,normal
2.3235687527798325,494.26092969984575,2589.421722012822,0.0,normal
45.249981132904225,5730.3985123964085,81.86574911811056,45.0,attack
2.6606253367500514,539.457998548422,2227.352198208387,0.0,normal
0.1637094252026066,646.2195938717637,2039.5239010751395,0.0,normal
3.1511787506540077,566.662788345689,2140.959010375525,0.0,normal
3.119872381036048,511.68301741721837,1764.8721418668213,0.0,normal
4.84251417074065,291.4102122266663,2664.3232057723217,0.0,normal
2.6967088759581417,616.7741925527779,1798.583285762598,0.0,normal
2.362409104684284,373.4741590914785,2932.0997629436747,0.0,normal
1.4327931661873448,291.9259474609022,2204.3053737819587,0.0,normal
2.2084988850073675,250.19389825070607,2130.3834087415316,0.0,normal
1.2211110109089502,412.1676922820261,2436.994875503441,0.0,normal
2.32822529260591,454.0343227727003,1650.199595648818,0.0,normal
1.4358576035943156,524.3091727660699,2100.869327398022,0.0,normal
4.170035098159873,426.06285925409634,3412.1102131976013,0.0,normal
0.15387956042655435,588.6191188584796,1062.5539679762335,0.0,normal
2.141172559563232,572.2446985220979,2119.249462836527,0.0,normal
28.356660971949413,13213.585763157418,58.14535459695324,33.0,attack
1.3272927040832452,514.3426566857494,1253.4050938955343,0.0,normal
31.657379064393794,11350.42205673882,67.09708028675519,44.0,attack
1.4269510073811658,379.0801288760394,2068.6706622825523,0.0,normal
4.752651055922446,514.5063745959382,2000.8974364390535,0.0,normal
0.12269691272255401,395.0344501090059,1142.1458406809352,0.0,normal
2.909845651804102,631.1983738573947,2014.8980825607123,0.0,normal
2.4991598640461996,473.5454101295278,875.7517327501723,0.0,normal
48.93516783100469,15135.351503220696,35.527822207420414,34.0,attack
0.34489724043242587,624.4565160355255,1368.5185315663387,0.0,normal
0.42583171009720977,530.1700008901736,1339.9614061313491,0.0,normal
0.958103386638731,532.4036442706533,1846.269549992429,0.0,normal
4.58379758933439,653.6061181709529,1409.39941342556,0.0,normal
0.22439314273568983,384.88462634471307,2705.6784308728124,0.0,normal
1.154489172884464,417.64650293741505,2342.243066776498,0.0,normal
1.3994916016404548,521.2574030632215,1843.661415173362,0.0,normal
0.5650978904261816,640.2009325919122,2681.8036475998497,0.0,normal
25.97601207113179,7717.521952479521,29.556695237989253,42.0,attack
1.438971682291226,704.206965292788,1535.867080672002,0.0,normal
3.2613466730063045,658.9838978180684,3184.6436504057483,0.0,normal
4.059789859865643,412.70389095462997,2118.0712049395506,0.0,normal
2.588244813398018,477.09189690782904,2004.6976772879248,0.0,normal
3.307104949977563,262.83406391411074,1317.7645731913594,0.0,normal
4.486076929462028,427.18280990301844,2173.698743217381,0.0,normal
1.1110352201883835,522.5761523111754,2733.925222498655,0.0,normal
2.8331387451131222,497.5767166130308,1828.3324120737755,0.0,normal
2.396963030776079,668.4524834603452,1497.3424370013822,0.0,normal
4.130810160717024,502.62047527740356,2138.757929440945,0.0,normal
2.101420744046424,520.3235954586031,2472.192611417695,0.0,normal
0.9593192652549031,614.6030144142065,1518.3018294007156,0.0,normal
1.4769220446526967,378.51938641113566,1850.225294400404,0.0,normal
44.100425451568206,7236.24606466839,46.27224205535247,5.0,attack
4.331382860321271,325.7052469513335,1853.6210406137727,0.0,normal
0.384650565193714,457.9972272705837,2527.3103142436594,0.0,normal
44.11697432713799,13417.073367800152,42.28109624814046,28.0,attack
3.5801897132542266,479.1331628779534,2210.62368934549,0.0,normal
1.8419157511626514,513.5924567218348,2802.8389790412275,0.0,normal
4.103172145632,433.4306535106453,1969.922750297436,0.0,normal
0.3547478246907667,679.8480087138117,2113.146133621718,0.0,normal
3.074738935721895,592.5975100714617,2146.084414103663,0.0,normal
3.1356783801778865,345.6549056814253,891.1954599239925,0.0,normal
3.640015364781376,492.433439567417,1827.447951590405,0.0,normal
3.4902864686941975,513.1065186215849,1747.2551222777445,0.0,normal
29.518305591629954,10715.424685139971,42.44875601551482,30.0,attack
3.64126409272132,634.5147620452415,2794.7206417808493,0.0,normal
3.5153771308768134,322.3988245951598,1102.9282444007,0.0,normal
1.4999892227811178,689.7767016745977,3360.9560739532462,0.0,normal
1.3130428743714435,505.67416832968195,2594.8213227426177,0.0,normal
0.7108471378960075,460.28046838540126,2798.6986466108115,0.0,normal
1.775173613589562,468.2649507757465,1914.3718475875328,0.0,normal
13.772506058509904,15890.436842810874,40.937818738073055,46.0,attack
3.923790964733721,550.249969612929,2252.182532859205,0.0,normal
1.415815404731276,598.3852343606147,1844.514266756964,0.0,normal
3.947362210825767,466.92107756724425,1534.4991441837792,0.0,normal
2.0979657145133883,322.23190376297987,2216.425201259987,0.0,normal
35.45392501068226,12297.877441555327,62.752470129219724,22.0,attack
1.317079682841717,502.87755640809985,2356.938722045069,0.0,normal
1.729035170028689,469.4555297558318,2111.9974844505246,0.0,normal
3.958122594931438,495.53934678169986,2157.1337109005917,0.0,normal
4.9669495755725235,586.3528242521521,2597.1072415069957,0.0,normal
3.4915905743012465,414.76132339258965,2490.5748577851764,0.0,normal
4.020347746625882,572.9063645002365,2211.1623987249372,0.0,normal
1.1086219291801647,645.2117699182561,2222.9194376146233,0.0,normal
40.6679129533393,15874.070287928458,50.11736369721936,14.0,attack
20.86954065937927,13449.701384480435,40.222455989579515,44.0,attack
1.929943931150256,704.8708257698851,2277.3193540659036,0.0,normal
1.199038068096721,518.4970575073156,2493.9307912032546,0.0,normal
2.9009021784025095,660.8780855734374,2796.4820480136905,0.0,normal
0.6236969231642449,453.0869145789591,1409.769757383959,0.0,normal
26.62238128493266,1888.396933531173,65.35630978811031,49.0,attack
42.2444727063362,14164.727214125207,80.96588896142549,33.0,attack
2.3451157450156743,442.58993247164017,1999.18914151831,0.0,normal
13.903166783050779,14049.309924354375,40.2490114421306,43.0,attack
0.8906777251713801,507.22520482379156,1926.6841129781988,0.0,normal
2.713594480950277,515.1403047951733,1850.9237369000498,0.0,normal
2.3867962923336012,374.5839013004396,2472.107420125907,0.0,normal
3.37424271291958,562.3407138279915,1931.1294698060365,0.0,normal
2.4953482432589094,438.6412394637206,2727.413087073325,0.0,normal
39.8506424532882,6937.245488229691,53.99004759243852,14.0,attack
4.8939384565785975,406.32047650406173,1190.5887140067798,0.0,normal
1.8734079551055385,584.1780774784013,2495.3554233120426,0.0,normal
49.99220576535206,8782.967626024403,40.77023101625906,38.0,attack
3.548899749008223,509.4621044669358,1699.5564120730937,0.0,normal
3.14433300034309,461.85105851759073,2320.013309192165,0.0,normal
2.2245556838998106,365.47903291913974,1868.883215308572,0.0,normal
33.639467398725394,8356.375935168544,48.17281538185672,32.0,attack
0.7094051551025001,572.0996952905635,1784.5018998900935,0.0,normal
4.536371684454392,522.9074688205702,1820.7982122435558,0.0,normal
3.470640039273986,434.61016116744236,1005.0268650894376,0.0,normal
0.5346424154095726,498.8907996051398,2356.633125398271,0.0,normal
0.7314623506198815,466.3447410121827,1753.5408625253738,0.0,normal
0.38288758020307434,499.61958663292006,2608.3617462489733,0.0,normal
3.272626099357555,582.2782780834002,1828.8475782754256,0.0,normal
1.5743037181021715,406.2074423463601,1742.5306467833639,0.0,normal
3.017386584868215,437.011544763619,2749.0058851522135,0.0,normal
2.602661782630072,478.83330180688233,2523.6382042797313,0.0,normal
2.593563722396174,606.2853693033217,1726.8679954112677,0.0,normal
2.772616160093837,449.29913407299443,2134.5263465078538,0.0,normal
4.894774795106788,514.7755907400128,1758.0078301997235,0.0,normal
2.498318525360059,544.9473912832307,1621.9979902716977,0.0,normal
1.981066984728736,661.4778790709852,2556.317152601651,0.0,normal
0.6898991360665362,311.3871296048974,1978.5878104622404,0.0,normal
29.031751669389433,12745.633377791826,38.754783203861045,41.0,attack
3.5636009848533243,392.91475813155614,2122.5571421863087,0.0,normal
3.247395076935615,498.2993925516169,3017.7657283597973,0.0,normal
27.978367727349646,5963.921612577801,44.917348539166795,10.0,attack
2.3503994661487484,474.269999938221,2497.583832579303,0.0,normal
16.06667841430481,3145.7897758549716,46.269413323360844,30.0,attack
1.3083578113923209,426.26200965020416,1929.8622072247858,0.0,normal
3.797260083014944,512.3078201656181,1992.2641796366302,0.0,normal
2.8932997334378885,584.0734482129549,2391.013693787064,0.0,normal
0.35317673612400946,559.0744335510326,2113.119044333711,0.0,normal
2.9993160953009954,482.24040052412613,2434.3991691527744,0.0,normal
4.1326206447046605,468.49180720910766,1624.4163901880606,0.0,normal
42.68509128680579,15412.685043414549,52.38566126142076,48.0,attack
2.074079084899922,423.29325445996994,2051.539110765424,0.0,normal
2.6758818932831607,642.0504287271064,2423.059234647967,0.0,normal
4.153780533712505,446.81222497106717,2286.7794184387126,0.0,normal
0.6059985434877373,324.5715147177501,1924.3012540292955,0.0,normal
3.6681249053976566,538.1309612264785,1276.7508982296563,0.0,normal
4.574878707526709,634.6225756202748,1288.5615460942226,0.0,normal
3.0027981448316363,512.6267736234068,2188.6316296711134,0.0,normal
49.40135380023839,13749.691964724192,50.43024485015127,6.0,attack
1.9609503228782263,468.47033447138756,1822.0325414565145,0.0,normal
4.612274762605884,424.02968825197127,2222.0725855436285,0.0,normal
2.1949509899568933,514.8089419798276,2909.885893656299,0.0,normal
0.9986820982818257,577.6027913843475,2301.8228694803693,0.0,normal
0.43813720380279997,720.2013924659616,1870.3890934979538,0.0,normal
0.3200653650785177,517.1469317590391,2650.5510315120464,0.0,normal
4.398962831566807,475.73187231879666,2205.9764995309047,0.0,normal
28.731542706914716,17700.539118720157,48.25288962070026,40.0,attack
1.5364238782789652,398.03046802911433,1731.0107355890225,0.0,normal
0.4265949987473808,426.02288360270325,1900.468723120065,0.0,normal
4.57510604312356,485.82424459724615,2414.574517529771,0.0,normal
3.4331161181209318,625.3132824768244,1394.6286866854177,0.0,normal
0.6907777403086662,526.3550811954785,1794.9852942305447,0.0,normal
4.054130905331569,403.32981092973404,1647.2310263607696,0.0,normal
3.0147521595593574,366.7551652105434,1653.5214977343924,0.0,normal
38.34817156854586,5835.683624227324,39.92037765086362,29.0,attack
3.5662453001613463,646.9784258787496,1959.403407932265,0.0,normal
2.9847844584434675,439.24312082204443,2250.950116850336,0.0,normal
2.9480672849708003,484.8700779767478,1572.4522627953975,0.0,normal
2.018475921071364,504.12874555874396,1832.1070305101252,0.0,normal
3.6729500889922955,501.3043374376952,2220.8803248247395,0.0,normal
38.50418737018932,10089.161272648787,60.90472169056994,5.0,attack
2.5226594930426494,633.1339061988404,2333.622573714621,0.0,normal
3.540515871290965,463.432291746948,2599.18428468673,0.0,normal
0.30625662921817326,342.9118542874088,2003.1907704816574,0.0,normal
0.7899344495741129,247.77220825120497,2184.9628065021952,0.0,normal
0.9959051213572039,666.7256841749534,2800.453995944458,0.0,normal
29.986809749162138,-1283.6255264470947,64.8325888485659,11.0,attack
0.25937827950713443,584.6882103884914,817.5723136042438,0.0,normal
1.6646368241930332,522.4339656778083,2588.266626893883,0.0,normal
21.558312765628685,10219.541509385785,58.32092018373946,37.0,attack
4.082717879561763,704.9812095785926,2242.679953776595,0.0,normal
3.157089597829029,563.5967750711739,1868.288182440248,0.0,normal
3.0054591720311445,469.6649932522866,2848.8118898546704,0.0,normal
4.825935604113977,542.3889482443986,1162.2097751879528,0.0,normal
1.831425917327659,417.4346317197858,2241.395062030159,0.0,normal
1.1839262649160511,598.6376505905937,1623.3981092045146,0.0,normal
25.354998137371105,12481.908232644226,37.92225177575604,5.0,attack
2.58729085555383,447.5337592933197,3001.2137338223984,0.0,normal
0.9055870924865058,502.10927478505874,1614.3652916612596,0.0,normal
41.629924743099046,10647.108384076502,43.11350091363233,20.0,attack
4.545255650458566,503.4029586346681,1834.0675690890105,0.0,normal
15.27083554388144,10532.527007095932,52.79821595944277,8.0,attack
13.950118747267535,7969.242917130982,63.00176526813139,24.0,attack
15.732401451024426,20786.079437238688,67.82024112701473,49.0,attack
4.792363894076363,529.1563676681973,2477.9679111653813,0.0,normal
3.9934335656309328,310.7237822409948,1733.5031402870231,0.0,normal
2.8212813995943935,588.114672081337,2285.570621019037,0.0,normal
2.755314642153955,508.41682301856963,1619.029380932458,0.0,normal
32.66669815000658,11039.266190688231,49.8507462755704,9.0,attack
2.0692472794645775,368.78367988044823,1404.6270996316644,0.0,normal
1.1435243913936628,489.3662997468685,1382.1484889752955,0.0,normal
1.180470890834671,483.5850587278226,2037.4437921857789,0.0,normal
4.462264459787231,408.1787833490208,2203.545191699416,0.0,normal
4.091416129133773,584.9611988516212,1865.9304303791184,0.0,normal
1.053650307921749,499.0155191349617,3022.827273838577,0.0,normal
23.855972790514095,9149.13734299608,53.296335328077916,20.0,attack
23.51023045974341,12852.923500599298,49.48081641223939,22.0,attack
4.037056558885758,392.2623923015242,2674.567552556715,0.0,normal
4.032669829941083,396.36907526262297,2522.7301202411263,0.0,normal
1.8299469188414819,349.3465969809601,1872.406414242858,0.0,normal
4.787411643308944,413.07130130113563,1852.471905097179,0.0,normal
3.0064752732933946,419.0275164232716,2231.077048029839,0.0,normal
0.2965350379211642,526.5616993172533,1580.9117588342342,0.0,normal
13.768895149900295,11783.338036249235,55.24792575501322,25.0,attack
2.224013940502609,430.17381512486077,1785.0499473960567,0.0,normal
4.480073656949693,491.2564671222819,1862.6781253168513,0.0,normal
20.043160961173815,6831.800670447114,57.45186881893828,30.0,attack
2.408722704770792,585.7898825291343,2267.173606726892,0.0,normal
0.7503071948109957,649.6710407445981,2166.1861666119926,0.0,normal
3.419957110548871,361.8408281536419,1715.3242882094312,0.0,normal
1.2006164980348746,811.2910201043841,2794.223588120056,0.0,normal
3.7578078850783188,397.59714091136203,2986.1722395410998,0.0,normal
0.8988731509647959,354.4945394909448,1425.1292723160536,0.0,normal
2.200639902833525,420.2886433775019,1814.2689894561572,0.0,normal
0.3791957622871046,556.8273377152784,1903.4223875752105,0.0,normal
1.3114322645755676,550.0831591004212,2240.031808952052,0.0,normal
0.8540899410652898,300.44682195482613,1466.1387114807274,0.0,normal
4.6655932252208006,609.0183471020447,1951.8938689797105,0.0,normal
2.6398152965823103,492.27789547769544,1994.7674354736353,0.0,normal
3.4479153386192647,548.9254535076327,2876.145954561016,0.0,normal
0.6560202540788864,679.6360822926963,2605.3372762710987,0.0,normal
2.622605034255482,436.2412457924036,2354.9663740736187,0.0,normal
10.885331022324722,5893.568079635704,54.82848745748109,10.0,attack
1.0864293283299231,547.6651040800557,2445.9388172851372,0.0,normal
29.56069521386377,12274.379003319216,43.638015587978714,21.0,attack
44.094218415499405,9021.375104580586,43.72538833524298,6.0,attack
1.4276192217501906,606.5376272259603,2011.2501941227197,0.0,normal
2.619067668501173,523.6223646264233,2635.51504971557,0.0,normal
49.41749537478641,15560.234210516031,46.79253628521154,41.0,attack
3.595412970834307,518.1062742771082,1971.0816938112032,0.0,normal
3.725530191757959,506.1883352887135,1985.4136503867196,0.0,normal
0.5336132600544056,573.5621997245746,2007.0024836856903,0.0,normal
24.19767857956967,8194.564183065653,59.28388679136171,45.0,attack
2.220372766496553,269.57880640560336,2078.6732838365388,0.0,normal
1.456831988151264,609.2106783982426,1876.5408362552728,0.0,normal
49.618866893890264,15704.47988575137,73.07688227735451,47.0,attack
1.0866825324662746,793.5657902327778,1252.8682354668806,0.0,normal
3.2456603521720035,595.7839631108268,1681.558805530521,0.0,normal
3.419446549018643,596.7794469003426,2722.1717059899725,0.0,normal
1.3233732434100114,470.2623920756894,2872.929485136568,0.0,normal
0.6223314403554818,561.8886298023153,1684.9757843258294,0.0,normal
0.3614051852455987,518.7800338042522,1945.4034527497236,0.0,normal
3.2287771435540193,519.7916667342075,2621.431281429157,0.0,normal
1.2365407709682796,363.4978204573365,2739.060613049742,0.0,normal
3.692049350545407,472.86850219317023,1832.4165133868075,0.0,normal
0.46311657061684874,399.5709436505747,1754.563552553217,0.0,normal
2.9526352548637393,443.92390930201395,2642.052347589449,0.0,normal
4.135405910397913,502.4431840178034,2124.152737867992,0.0,normal
2.332718088649994,578.2873734948572,1501.385856280612,0.0,normal
4.93448760249835,499.4045290787271,1190.4134717420675,0.0,normal
0.7861180780112567,414.93867470480524,1513.9188910283374,0.0,normal
2.195246535146353,621.2129204233486,1738.7926358112454,0.0,normal
1.4684528334266114,422.82591854032177,2254.756781964843,0.0,normal
2.4222139785689034,543.8579290921006,2388.8675236239274,0.0,normal
0.39167103170408124,461.55431210229085,2134.425393200496,0.0,normal
0.7134103817924972,493.8924328647624,2503.2055200132772,0.0,normal
2.663020581368685,558.2571318808805,2529.975084881188,0.0,normal
28.732037903998332,9808.693587679221,44.13157320475814,18.0,attack
2.2412798397615425,428.3426511575895,1555.0776145294292,0.0,normal
3.0401006857845885,535.0370216386339,2415.249066992976,0.0,normal
4.648760956679855,490.1154798760694,1907.9565664920403,0.0,normal
24.098511375969593,17720.463317620226,41.46433715297394,15.0,attack
31.43743972516285,11205.216389310559,55.67330476986629,36.0,attack
4.817770749662727,387.4412885968031,1975.044883479419,0.0,normal
0.7685547875279923,541.477289078879,2442.4212914005793,0.0,normal
44.696164528982706,8476.886758226323,48.0799872973858,5.0,attack
26.346307288393444,2371.925349773779,38.77098843923167,12.0,attack
1.8757301056715026,502.84575811831587,3104.927832874232,0.0,normal
3.846186193808117,432.84877930194546,2067.5881206713348,0.0,normal
12.847071954547072,8166.411657119834,68.16793236662373,40.0,attack
15.83556985933149,11291.013673505684,52.606561547052024,41.0,attack
0.8972287446619729,500.07555074545957,2350.6949469047495,0.0,normal
4.147293242269601,623.3724278336193,1523.479768317575,0.0,normal
49.570249544602355,17791.749800709887,40.9559949766913,16.0,attack
43.12219891877091,11825.905201513231,57.956870201223865,22.0,attack
2.8080451121060666,261.5094491049417,1998.259575713399,0.0,normal
1.033988182064804,616.337605516355,2275.0642406089396,0.0,normal
4.697868238423085,346.7299440110069,1708.969332953494,0.0,normal
22.30998066431281,6716.448001117667,30.366413567344793,42.0,attack
3.485331485099032,499.8285846330936,2147.2094888420243,0.0,normal
2.0637389982890975,314.8157268425341,1094.005331218973,0.0,normal
0.10320161473036782,568.4450477636428,2790.1698854114848,0.0,normal
10.068992884393628,4362.045243956184,58.052398579044066,19.0,attack
20.314570145793795,5198.234739289432,57.46373241825373,33.0,attack
25.945158465763,18740.67786262142,54.40756754438764,30.0,attack
3.602291054575335,660.7915061119157,1766.6905159121773,0.0,normal
0.5511282318041296,637.0101853610371,2260.6149953222707,0.0,normal
3.6447585570740664,650.9131013404551,1683.2052422530937,0.0,normal
2.6298717066758575,517.5286778933923,3055.6481670497924,0.0,normal
0.6701953496388329,508.45051456928627,1459.2933096303564,0.0,normal
2.2597374599973183,357.6317363116077,1717.3706303947981,0.0,normal
28.280092375077626,14910.054930607952,57.060669498554304,42.0,attack
3.805200311586706,290.96971011468435,2339.6469099911747,0.0,normal
1.3297366405674604,466.31048732148616,2707.055195303391,0.0,normal
1.1314840043601806,387.015014278144,2260.6078955943626,0.0,normal
1.3186999356793867,469.9534051279296,2090.626974172525,0.0,normal
3.1521633315131017,608.8769654216673,1545.1551057958327,0.0,normal
33.199332818083356,14876.678674443798,47.05905691611366,27.0,attack
4.496357213971301,486.3004510557542,2709.7278403989194,0.0,normal
2.6121737039808925,521.0668465203111,1471.9442154064568,0.0,normal
4.0015831076527055,229.66519528926426,1219.914587435028,0.0,normal
2.3068175876651074,434.93401726316165,1850.4654573849725,0.0,normal
4.733920920301383,392.1487258635403,1537.8657987024642,0.0,normal
4.348654361042508,546.6545311450127,2019.8569108598174,0.0,normal
47.568739795107405,5117.872301342008,58.18313736319962,6.0,attack
4.305067560470103,575.8824416163609,1644.992278554224,0.0,normal
1.7853926641326594,421.76460774980063,1796.4920540966145,0.0,normal
49.79014752247886,9511.89652112962,43.6955480920682,31.0,attack
4.088454320579492,422.8228042607125,2169.379081140183,0.0,normal
3.45926990742196,394.15593663583473,1471.0816906948828,0.0,normal
1.6795338403761428,462.81421177213343,1770.5615774875016,0.0,normal
3.4698380079097477,517.9622272631923,1486.8231888050518,0.0,normal
4.808508719951241,423.963635878387,2155.269818957102,0.0,normal
3.96753495676646,627.2714733971264,2699.2419965346608,0.0,normal
3.728333046572244,671.1028809190788,1884.606923948639,0.0,normal
19.995727794694588,13092.036078720674,32.5794605822817,35.0,attack
1.809220616450449,422.654415596657,1327.536106467414,0.0,normal
43.40869042435075,13033.975125298173,50.77374282760834,26.0,attack
4.786856851667452,494.8477071475354,2476.504749107025,0.0,normal
2.2171767264265605,415.19344019694915,2400.5908819940914,0.0,normal
3.318222513149041,498.6695364621365,1618.2673483454441,0.0,normal
2.82870437154327,371.44089992439723,2749.273180334927,0.0,normal
4.897614196274257,521.0303040221995,1192.6250688543346,0.0,normal
3.072985451115439,601.8923240089898,2116.642520543936,0.0,normal
3.5424484575205546,474.1824861968566,2187.679848072237,0.0,normal
0.8099848732469932,381.8125874579199,1774.8733061108642,0.0,normal
3.8416683913828282,463.68833388444335,1958.6511274908007,0.0,normal
3.6103458485946853,362.9973372635571,2037.342921318443,0.0,normal
3.0028313874240085,380.32113535736886,967.3486124796948,0.0,normal
3.421284681519217,526.8593581044298,2197.4407450012886,0.0,normal
13.560644989355847,13785.280009097085,39.48452441659839,39.0,attack
0.4717303077324533,400.48515181466206,2192.855420265726,0.0,normal
2.211827580515152,666.9922781404639,1713.0900430449406,0.0,normal
23.310548613427176,8396.877618465942,60.24773800665011,38.0,attack
3.8319361151107163,541.6446038101452,2769.5986000874536,0.0,normal
3.0676256576847165,543.9486048008512,2001.462983339719,0.0,normal
3.7392619538799075,341.641161021242,2947.5743060544846,0.0,normal
3.7683616472183803,502.9430591677552,1290.283401727495,0.0,normal
4.975048330967533,575.9514887486108,1905.40490936246,0.0,normal
0.4703597078849282,501.22235484151696,2448.249835100083,0.0,normal
4.838472848755116,568.3324511516092,1587.417050127231,0.0,normal
41.034457546346076,4399.574337372327,61.37058860045522,9.0,attack
2.6423064799177536,508.66976994143965,1744.6957503512103,0.0,normal
3.0979719985057854,505.5199242530089,2653.9820962746717,0.0,normal
1.9757139457383006,429.6289600668567,2483.0698304305242,0.0,normal
2.975988882138645,473.9963749819555,2160.826329795793,0.0,normal
39.187472231772205,6979.850572626145,54.6446746972356,40.0,attack
1.6582170273621333,413.8296929743742,1612.5185879680075,0.0,normal
43.08600782015508,15552.49932823692,65.7980695740155,49.0,attack
2.59616842793397,563.2454216642301,2868.99249256176,0.0,normal
1.8391308382973492,402.1692050177502,1606.1387833672404,0.0,normal
3.656025591102964,559.0422061251463,1757.9914381889575,0.0,normal
41.560195382427786,9758.401606328278,49.46948008074894,28.0,attack
4.518692739876521,423.39547975996004,2386.773807553509,0.0,normal
4.922008999076546,319.6137207437635,1333.660779487398,0.0,normal
0.22919817503653483,582.0158186755484,1855.00932278168,0.0,normal
44.99527869768577,9620.506074601697,44.15770906807914,9.0,attack
4.049363493898275,557.7363525106662,2872.1555573715555,0.0,normal
3.319080265708984,447.0798990188487,2287.7809629151825,0.0,normal
34.42024696167277,3070.3666701487673,59.149553330102236,7.0,attack
1.101797025074938,289.3110885373919,2107.462982388353,0.0,normal
2.9883245484750165,507.33367447781364,1786.7001818569815,0.0,normal
4.365834282725434,474.30548748782184,1933.6979608797517,0.0,normal
1.0198397878920353,582.0298374508965,1393.2683199235385,0.0,normal
2.0641719421418356,591.3473732017407,1529.2984154989877,0.0,normal
28.224101500066485,1966.9863232099706,42.95639675779118,10.0,attack
2.004518719478462,426.46965393180477,1442.7338424959692,0.0,normal
36.40010418298398,20088.879065875324,38.141476707611304,37.0,attack
3.591844532182713,633.6657357758983,1480.1033877358827,0.0,normal
17.71008041650849,10481.88561557018,50.840101909243515,25.0,attack
1.6254077258644182,355.6395737830235,3018.605319859179,0.0,normal
4.339949218653671,412.92722283562586,1295.886615846275,0.0,normal
2.381430288849055,569.5402474550299,1109.6871635462553,0.0,normal
1.4249271032841753,369.71552364752546,2793.7003012077685,0.0,normal
4.2364351999490655,579.1859310388068,822.7585386516989,0.0,normal
1.584287071282644,349.9523450836998,2223.848133197506,0.0,normal
0.6890154226908236,443.3294891944947,2057.798369339954,0.0,normal
2.4390169507997665,600.2236166702926,1705.9457005378451,0.0,normal
24.141928902538204,9637.611402029825,65.35121739812652,30.0,attack
1.5085621579965258,512.5886530576657,2201.2581048676607,0.0,normal
3.4344465801660946,564.6006187114551,1897.0800700393281,0.0,normal
1.5003394220767643,644.7796418457866,2157.485935777666,0.0,normal
3.141236351140462,406.00321708499337,2091.085313856051,0.0,normal
16.780806413178496,-2762.7007601037494,34.72879204664244,8.0,attack
4.130420492482564,498.210502299165,1658.9626009881085,0.0,normal
0.9876318127199336,480.912778044682,1982.7178800780982,0.0,normal
0.5170070819869482,593.6056167936016,1261.4177918438093,0.0,normal
1.8951730321390896,552.2142545933935,1820.5208074102932,0.0,normal
3.2042955827283843,519.6131459023908,2317.664597608103,0.0,normal
4.297032396364841,423.8175328341151,2349.606219335993,0.0,normal
4.107387659257606,298.2661201877589,2254.647661821004,0.0,normal
16.265367247620752,2745.435357029937,40.258325718277774,29.0,attack
2.6631794364337296,537.0061115268956,1819.1859453137272,0.0,normal
4.907477748552885,591.262032254044,1572.1287100242464,0.0,normal
1.7277360622664628,365.4985516069331,2228.7709670023905,0.0,normal
28.320584972637835,10079.543291998156,48.51821466501771,30.0,attack
2.25360727430126,431.29859003005026,1787.0910008167243,0.0,normal
1.1895703932660346,357.77703504937926,1794.0383828070235,0.0,normal
1.771225120146267,550.2784426895195,2009.023626234112,0.0,normal
3.3962446716236006,509.2376791639924,2251.2731232270908,0.0,normal
4.903806830616706,485.0544306835011,2282.81645094336,0.0,normal
47.0490980082332,7913.6731733880315,31.141353821357907,41.0,attack
35.75991814521894,13729.282590492887,62.862520864548586,48.0,attack
1.5521523062151132,766.6905222320008,2174.8076655141926,0.0,normal
3.888395182201491,434.6537104275193,2189.849838708556,0.0,normal
11.526144237415089,5758.110980589308,57.85974098865461,15.0,attack
20.62713862011349,9741.436047198646,73.12044056359531,33.0,attack
4.330334882901943,405.8977299333621,2823.9388028918365,0.0,normal
1.4084385238301647,402.5878153783632,1639.2154588299854,0.0,normal
1.886509268167946,503.1491562261996,2235.0068306233306,0.0,normal
4.997832745927149,569.516524833014,1994.049588452886,0.0,normal
1.8494437854530599,562.3087347889095,1549.5394407229237,0.0,normal
4.163505316652102,447.6424011593417,1546.3367203138673,0.0,normal
4.3961516201325725,466.36130545888636,2300.366507572796,0.0,normal
3.0260609993524796,599.7265567658873,1256.3127767980116,0.0,normal
11.468319312185136,10776.230260291397,60.04829149483237,15.0,attack
1.5960223158139835,465.28135048877374,2016.3868187778908,0.0,normal
2.8547251742161732,577.6931692354829,1894.0552344008788,0.0,normal
2.511369836089737,454.21516138175105,3355.1658221674465,0.0,normal
3.5420783556661095,550.0143033113884,2255.3003452051566,0.0,normal
3.7214281821029256,498.8484911923355,1974.9597005717667,0.0,normal
25.628102027524374,18009.963273067064,57.25590175482321,38.0,attack
2.691791956733339,387.39460390889496,2171.579277098708,0.0,normal
1.6930096756153252,521.7802339748727,2537.264895114966,0.0,normal
2.5445887562261156,544.6981717009852,2757.659047161901,0.0,normal
31.770156374034517,11252.571018777986,76.25305580268912,16.0,attack
2.792694725885583,594.881309647162,2066.2988360130507,0.0,normal
0.3358998962939319,282.2032267805312,2404.179774832854,0.0,normal
3.317492261168593,614.006784649516,1576.186393751558,0.0,normal
0.3797255948376428,470.08182275725653,2205.6788155757195,0.0,normal
3.0906355382235002,451.70901605394823,2073.538413722987,0.0,normal
1.4173822204727484,595.8816306467672,2943.8125603130025,0.0,normal
2.936153097108509,464.19205538206813,2067.745686158381,0.0,normal
4.220452680974245,359.7630716576175,2832.6261169723475,0.0,normal
1.136095234283069,361.1457446168789,1583.2008585167969,0.0,normal
42.15019790276762,8318.981316666179,64.06232359262553,42.0,attack
1.7424664840649147,644.7305699391807,2361.518969789932,0.0,normal
44.81620679768399,10232.306365770948,43.75227417222385,24.0,attack
1.4999670815383628,541.3616257571681,2466.447677596904,0.0,normal
28.260470268871607,4544.766414029627,45.421830304098144,15.0,attack
1.2290416443750147,586.7187412827739,2107.834385466809,0.0,normal
2.002011960022278,667.1347575437476,2530.908322994866,0.0,normal
13.019116576961158,8234.399099987768,67.99738291727098,25.0,attack
0.9914478394268286,468.176247225738,1931.5052111530288,0.0,normal
3.930936930390185,529.5232575040603,2466.9052130374985,0.0,normal
0.3480501141184632,675.3194802065585,2220.2472480816687,0.0,normal
38.276440603959614,6965.182770636822,60.44386051876579,33.0,attack
0.5482855032489989,297.82013600380526,1438.0607974372028,0.0,normal
0.45321324639349947,361.070126978901,2525.3871452360568,0.0,normal
0.7999664077741091,552.3960512076735,1601.5066655930614,0.0,normal
0.9443673688879862,303.10768575839165,2062.774293325574,0.0,normal
4.102219385877617,654.8639295024036,2924.331534483275,0.0,normal
34.11378987145403,10951.054796714212,32.150560308081424,17.0,attack
1.3138818485556718,566.4927162301741,2230.5390161482173,0.0,normal
14.151277127066875,16808.804566701117,53.408645992482214,8.0,attack
0.382473152775222,372.90482789077174,599.0442152560543,0.0,normal
30.519153676573673,2763.0933326845507,58.209085211691075,47.0,attack
15.834765078155844,12318.615287785573,53.583340711969214,8.0,attack
3.5676365802304875,550.1685045168788,2510.9815775300017,0.0,normal
0.3519864860728268,461.1756946478461,1938.7820051263013,0.0,normal
4.779796506276446,503.6782833174235,2137.5011491459054,0.0,normal
2.239409529866954,749.2183998600686,2680.503352384887,0.0,normal
1.9002145706156455,278.24089206412293,2439.3274250901895,0.0,normal
0.5601135073681501,631.0191908080897,2172.7070908219266,0.0,normal
15.291348320384216,7381.203544866583,59.41066551451931,44.0,attack
4.763877748573871,619.3112945851028,2278.437361184073,0.0,normal
12.399170887660658,5580.385250858273,41.71596778251749,46.0,attack
3.8180036434108935,511.6578512012464,2738.8601476510376,0.0,normal
3.1546891949812568,467.9614940563206,2181.224940797263,0.0,normal
2.3512891651893346,370.9438578053781,1497.8310868530468,0.0,normal
1.7937696882869298,532.9106778710129,2158.4760034920578,0.0,normal
3.8729684101831934,207.0551309997732,1472.0050940365782,0.0,normal
2.237019992763052,485.5095420918569,1602.5531764991547,0.0,normal
2.213378361070972,695.3107198272573,1714.0357269007836,0.0,normal
3.2984559284741866,593.2434870954667,2476.5881271646767,0.0,normal
3.0817836362126863,555.602209684229,2309.034246965021,0.0,normal
1.3307294109871666,559.7537705894729,1688.6930500203405,0.0,normal
1.2486854400564222,424.5133803428079,2346.387884854119,0.0,normal
2.129235787391743,387.99525775301277,2152.2461008400724,0.0,normal
3.9993840802368954,372.3695583461664,1971.0180001658487,0.0,normal
0.2930199850948151,463.4847386801787,1962.4864998015996,0.0,normal
4.4815352858541795,628.0939576666727,2147.041019396607,0.0,normal
0.9305144587618532,699.1553302204734,1886.5287669310378,0.0,normal
12.788309858758446,5976.240931404311,48.747133772305624,21.0,attack
1.4650926612565975,497.77210208162865,1350.948048156421,0.0,normal
1.5531435698090605,441.21436950919997,2702.823798753982,0.0,normal
14.793626461648156,10425.229301000909,39.427485379798966,29.0,attack
1.4640055601470174,324.456210268929,2605.7137518162153,0.0,normal
2.5791937479011655,609.4179547521476,1767.0245109639745,0.0,normal
1.419291831651967,483.5664794114609,1329.7556793167817,0.0,normal
2.2521319461236153,475.36647188201516,1492.168384560087,0.0,normal
0.7964719065879425,562.6538363336942,2595.2648218588383,0.0,normal
2.8006838133902234,413.20775372488464,1213.1854889415076,0.0,normal
11.604663131540619,9553.32067264477,49.17113016125135,39.0,attack
2.7033406899195667,384.69156682602176,3085.5964305312473,0.0,normal
0.13125731269229435,620.5818420716043,1651.2290287624428,0.0,normal
4.670281489850531,475.8569435275007,1500.7148067587802,0.0,normal
2.9419205583978436,508.4518475815327,1934.4443306597586,0.0,normal
0.18128036174649514,583.4751326324882,1763.1772711744045,0.0,normal
0.27649220962798937,717.8562173991662,1463.153576901268,0.0,normal
1.9663651974920056,491.6282040150788,1562.0925876768533,0.0,normal
1.3637238525202053,468.96922946150966,1819.1380819533067,0.0,normal
14.137406665950492,18175.035828657095,44.116599426923145,13.0,attack
2.707356077800047,458.758618178352,1603.2701350582643,0.0,normal
3.715795227434725,567.8728069279418,1864.3517184261798,0.0,normal
0.5988380464527309,519.9610418402783,1342.1012958909296,0.0,normal
3.5396376985627467,557.3744421004413,1613.728944078882,0.0,normal
1.1404616423235534,560.8246191684968,1876.6377879427798,0.0,normal
0.12420590657860713,481.1738664913693,1867.039962902224,0.0,normal
0.674810125915733,433.1654805153198,1926.7596646359193,0.0,normal
19.24605470250708,12205.179174253815,59.07979757805134,32.0,attack
2.0229810263709136,460.6947242938599,1032.285020143097,0.0,normal
0.13370201487628164,542.243497290144,1242.7929688009397,0.0,normal
1.2131798294152232,525.6170605694278,1712.7566472918622,0.0,normal
4.833632775130519,471.5163062257799,1704.5908259542853,0.0,normal
30.04930906713632,16725.58586805894,65.58384011880781,16.0,attack
44.429142375523384,16924.35546897022,43.81011197152317,39.0,attack
1.5083070226813409,582.0553502887897,1823.070518589948,0.0,normal
17.972954358022953,12666.625153071738,55.99578627813753,33.0,attack
3.8957055251251616,588.7079776446287,2684.5472913814256,0.0,normal
24.076202230346432,8685.797502688034,52.522130033628635,31.0,attack
3.0129340424122484,551.8871180440123,1624.3272651983148,0.0,normal
25.24590613444203,9230.511130071824,59.76497702772889,48.0,attack
4.809833762737179,441.8217966607946,1963.4463489955308,0.0,normal
0.5143703526764655,610.6231558859969,1818.5721863131964,0.0,normal
2.311072786486842,706.8226041505824,1343.766348275725,0.0,normal
0.7401964847349684,421.7401402581411,1965.8987348336655,0.0,normal
2.648832472322681,376.6898694985145,2071.708815340738,0.0,normal
3.1215865411516166,461.50571115899186,1147.0204525546324,0.0,normal
1.902137350324341,612.1857856230471,2177.6690977950684,0.0,normal
1.0141784178513984,382.3826663445219,1970.5835729342389,0.0,normal
0.849009782003227,518.2501030599213,2141.922283651368,0.0,normal
47.29711131915261,16666.05280690022,56.25110546248948,24.0,attack
4.344263114297182,324.8171193248281,1942.001463839233,0.0,normal
1.5348279798347275,506.93698026580694,1692.9282343764075,0.0,normal
15.057049086201122,3222.290694179368,44.24691391598206,8.0,attack
40.601727598819586,16881.15985317786,54.01538635719205,40.0,attack
2.9791707684360693,406.07584593179934,1676.8788379267028,0.0,normal
2.372122184205913,544.4773807831594,1968.3050739825946,0.0,normal
0.851421875268793,472.000669812552,2487.9116686442817,0.0,normal
0.40637884913994415,511.3456040056552,2172.8101723257228,0.0,normal
1.9486923992126512,521.2093353074175,1840.086861055622,0.0,normal
1.6180536890800983,407.411009610885,1774.6298613486242,0.0,normal
2.061040151663393,484.35226238768416,2781.177254686615,0.0,normal
2.6953326473335375,324.76229048590034,2023.3186832829829,0.0,normal
4.879181354047446,524.0876757200408,2389.848091089747,0.0,normal
4.959868761611881,497.79651359957296,1969.575239998536,0.0,normal
13.220662343660475,11366.55624792582,41.70856514556595,28.0,attack
4.105503571606839,579.7994549612237,2167.9236323600344,0.0,normal
31.34409606101711,8228.906920416797,32.63273182235561,15.0,attack
1.1575230347345318,705.2972024501663,1474.972605088407,0.0,normal
2.5316678891235718,649.8097633487785,638.7729295040306,0.0,normal
2.045373702062239,425.1903935378353,2129.465214112845,0.0,normal
1.2446779801445589,500.85560808243497,2367.5660565270455,0.0,normal
1.7944498822110826,625.451870238119,2097.4838529953795,0.0,normal
1.9254130414217991,379.22406074566476,1866.0506329207506,0.0,normal
1.54279957114097,477.75251032217346,1062.4963062640318,0.0,normal
2.963799657811388,477.84003056149606,2953.745336276634,0.0,normal
3.5988583445528213,463.7652442453898,1816.4886926391791,0.0,normal
11.693989899056572,13506.278197216845,48.627882969557994,11.0,attack
2.6105825099743747,497.9901248230348,1693.788554549566,0.0,normal
1.118642650215534,596.1987189071841,2091.506464155741,0.0,normal
0.6468056997905126,424.92703929944014,2142.283395237263,0.0,normal
33.60373597952031,2357.0600886816646,39.44979244622816,19.0,attack
38.67907604255508,11407.917025429171,51.44030901979226,39.0,attack
0.200864022049432,490.337632998511,2542.611131830816,0.0,normal
40.87568585301018,13027.719912927912,57.61192372701509,20.0,attack
0.2262710339453206,434.81114174686195,1785.0042956925804,0.0,normal
1.4512610844316494,466.0240992352476,1694.4574687616412,0.0,normal
1.3850938170691431,627.1892421938657,2916.2806201780063,0.0,normal
0.13129077141248455,440.44650648161405,1919.9627566958477,0.0,normal
1.3465187461250505,534.1825213954967,2413.419315354557,0.0,normal
30.240213390677503,5102.921308924228,55.37983672150941,44.0,attack
4.154935688277684,567.0911248276875,1471.2426648532842,0.0,normal
4.870095948969245,540.4212865277332,3096.724775144193,0.0,normal
30.307352985403377,-1679.653485275483,44.08650620201722,39.0,attack
3.3722429478093923,510.2858577932334,1890.997184439438,0.0,normal
2.7418902557087472,404.9936502533873,2690.0694694342574,0.0,normal
1.9180899386245533,537.940539760511,1847.1837787966022,0.0,normal
1.3170436758120212,591.0215783664745,2059.1750328275884,0.0,normal
49.36999065965161,8459.261852734313,50.27487633360813,48.0,attack
1.40135588149717,440.01786060829386,1985.116755831799,0.0,normal
2.813885993566472,526.6818396295401,1791.1084937431906,0.0,normal
0.8006592420588957,623.9584006441562,2198.1834782336755,0.0,normal
4.934646707009017,569.5863839093786,2075.2372493869507,0.0,normal
2.537945275515901,357.3173423218658,1011.5892155262047,0.0,normal
0.8907000561030773,422.495503698376,1915.3355714424763,0.0,normal
34.539710874079184,14442.234651792773,76.90315007288694,20.0,attack
1.4827166659966808,791.8173555060092,2286.8835549509504,0.0,normal
2.253084449502816,457.6240317977297,2382.701078006675,0.0,normal
0.6168211297874899,597.2056965739722,1850.1532520335554,0.0,normal
0.8216502614052456,494.88813069846225,2389.565312794176,0.0,normal
0.7374225766400967,467.593182479103,1554.7821235286692,0.0,normal
2.434541233084579,504.30408708503876,2578.29082579712,0.0,normal
3.4325482386901665,592.8932013532215,2257.8303150416973,0.0,normal
4.247920259582362,573.3547813505866,1350.8370301655486,0.0,normal
42.76554551006529,16142.860410309986,53.72794158529206,19.0,attack
4.011646376937199,727.2434720446881,1774.5029914853453,0.0,normal
2.008084200996489,472.71554536598694,2227.8234550442976,0.0,normal
2.206662279211726,425.0828273396758,2616.164302607332,0.0,normal
0.14572493715275717,582.8058814893309,1849.2368521153264,0.0,normal
40.775165858526904,12229.738885626517,48.363663291425084,14.0,attack
0.33611146072715153,458.948151727027,3152.8184186835942,0.0,normal
0.38342911516064226,490.8293975854874,1838.4161671487577,0.0,normal
20.875532876740984,6433.445498598942,58.543693203494215,29.0,attack
3.3103512011692566,639.2038751587091,2258.0815114632346,0.0,normal
47.61393510680767,16260.79518483055,41.093039147377226,27.0,attack
2.9800698682247715,493.03665466998916,2007.0541781265624,0.0,normal
1.529146635675586,415.5675962816929,1547.1013933144263,0.0,normal
41.03895634999553,7719.158262599705,58.72090195533784,13.0,attack
2.1038694276299226,428.2983850872064,1952.3294544016587,0.0,normal
0.3467126821498309,442.15402711236686,2317.6227683019783,0.0,normal
0.9899084420073531,532.0216577948829,1346.1787094532797,0.0,normal
3.7453368336061175,522.4234744535291,2585.5509858347796,0.0,normal
4.541136486964207,511.13726018400524,155.8173542857778,0.0,normal
2.3732691847728478,436.4590119771263,1530.217416373021,0.0,normal
4.880489984213583,434.63208593625814,2296.0569501424593,0.0,normal
0.40479580820704353,312.65586960453834,1730.6075810763057,0.0,normal
2.3427280652805407,463.899077674743,2488.2532945315825,0.0,normal
3.3421695721830265,549.2014280566899,1939.1556571563651,0.0,normal
4.347174737079401,485.2659773378494,1642.5963705042648,0.0,normal
3.9837145847247606,597.6431377198069,2528.7136435570683,0.0,normal
15.371878575807468,14190.886097997189,53.384731053121115,8.0,attack
4.500026769554164,359.2912805215983,1900.6654330885485,0.0,normal
0.5674564588347322,443.0851801327466,1803.6368807870913,0.0,normal
2.673300579968595,627.257016292857,1299.9643827991306,0.0,normal
4.741518029180908,500.06828189574827,1575.4475745048883,0.0,normal
2.152734702572285,575.109945450731,2454.0113312680955,0.0,normal
16.26031596321826,7393.725965719352,36.8908799292784,11.0,attack
3.657847535241042,515.6693728246524,1409.5137581678073,0.0,normal
0.9880420242117348,480.37193486120634,2199.522070323263,0.0,normal
2.7498893994291675,527.8799812385461,1468.4818635731408,0.0,normal
4.289647987937682,581.7306203738326,2992.83820550742,0.0,normal
0.4146237916681571,526.2066809086725,1967.6138701010618,0.0,normal
0.5938122067493906,316.8317752793974,1257.406918650034,0.0,normal
4.850405123049307,623.7653757511998,2351.7460741125124,0.0,normal
3.2196814426193163,674.8137069120835,1505.9985909985296,0.0,normal
3.9403174302686588,714.3007054584909,1395.758897865462,0.0,normal
0.8449217803303758,514.6935298386687,2022.2760827855757,0.0,normal
0.901756723839179,325.7778307364725,1806.988601064651,0.0,normal
4.758500101408589,531.318447386498,1798.4670659816388,0.0,normal
49.30195046158397,8024.665469363953,34.206548379297395,30.0,attack
37.57360462530418,16294.431028714109,60.29566923822751,9.0,attack
4.513439133655167,482.2082124195602,1783.8494070952295,0.0,normal
40.80121874806066,15881.720280857273,53.7822628543151,14.0,attack
3.763285962863631,444.38812532392194,1256.0691482546886,0.0,normal
0.28828910991539247,598.2683142769941,2238.2150833585624,0.0,normal
3.675070273856514,482.71982626035356,2349.4765358587106,0.0,normal
1.262411279506373,526.9294752580734,2426.6744886700735,0.0,normal
18.17785468262652,9298.4188597642,31.484131657094135,43.0,attack
3.2234065173412123,689.7288694773112,1983.9788146597566,0.0,normal
2.8829316297078846,549.1505647246784,2560.5940712849524,0.0,normal
3.2930348263386553,332.5530539546755,1232.9376532755741,0.0,normal
42.23622588075607,5704.4786297492965,19.174378248567624,49.0,attack
2.254728383888752,407.4607742357044,1870.201639095365,0.0,normal
2.560755550623089,229.56083683972247,2050.861604235885,0.0,normal
2.3113411538433493,550.5337147647349,2808.2608272568746,0.0,normal
1.999479146732671,694.2245594756299,2838.2274809573314,0.0,normal
2.0003478405929633,578.4146416353499,2243.37075107903,0.0,normal
3.813445941275409,340.2400830404568,2404.2855034450586,0.0,normal
1.2670956271289602,458.48997110366304,2394.537600699955,0.0,normal
3.2958988717728155,438.2787753352038,1584.9647524353816,0.0,normal
0.502641170634494,399.155126745265,1670.4880866701646,0.0,normal
29.18800650134183,17795.911452411758,66.72041773042321,5.0,attack
24.89867791302693,9785.71876169831,45.8646874119067,18.0,attack
4.356253522982493,608.005605913931,2338.178523837454,0.0,normal
0.9788444504172809,536.539424192514,2228.6124059746717,0.0,normal
2.0810197615488586,400.56449343691264,2125.4755103560215,0.0,normal
3.6867703148758855,439.349661178426,2136.118362663694,0.0,normal
2.164649311157644,499.44397063519295,2272.312287249669,0.0,normal
0.18823212244222706,375.7753466450771,1247.0837973346897,0.0,normal
3.7526534235032174,542.0191542894992,1910.9883549680808,0.0,normal
3.7917968190591487,460.0100009890683,2061.9534082605355,0.0,normal
4.3689019630889545,467.0510699782014,2015.5317131994657,0.0,normal
4.705177405706028,426.32298640523777,2391.579943888505,0.0,normal
3.1684795759939357,534.859511986098,1915.3627808336876,0.0,normal
2.4943516329828626,527.6600765511181,1338.1752145789105,0.0,normal
4.6202469677687485,476.049807797825,3079.560577301646,0.0,normal
4.5472939125271195,451.7686429063697,2060.317380446727,0.0,normal
2.4077052369301946,544.982721372651,2262.2923415238074,0.0,normal
4.709844150465229,464.39079513809446,2062.192383453857,0.0,normal
3.589678184602926,645.0927548279212,1803.2810518627248,0.0,normal
2.454484041563362,522.6684248494597,1681.5773928648052,0.0,normal
3.6810227284055763,604.0430892644839,1914.4103151018003,0.0,normal
3.1925792673865887,507.81430629696473,2157.169341565715,0.0,normal
1.3201428069345407,489.1861009608583,2137.0194203246515,0.0,normal
3.7197434385601755,459.6712208089061,1619.6996677874304,0.0,normal
3.6721351234008384,691.1419087139723,2363.397023200902,0.0,normal
1.6824867174121054,366.32745611240694,1569.7172980930566,0.0,normal
1.2302820774170178,520.9534230262794,1059.8557947156078,0.0,normal
1.7612459761386334,542.8316692375238,1748.565623164522,0.0,normal
2.1470287984479888,565.9054343913419,2053.246990145046,0.0,normal
20.302709025980676,26420.59100643942,38.23301814229094,17.0,attack
4.983520501662136,553.3359244705449,2204.842671873275,0.0,normal
27.308196585061996,8471.8397260716,53.90172192880085,21.0,attack
1.2753831525041293,518.8475761018103,1956.8914509962735,0.0,normal
3.5743965453094906,584.310533232324,2229.194504978534,0.0,normal
0.8474413102798807,518.6416169744047,1809.7720479168245,0.0,normal
36.17573459322299,12408.069228440472,63.06617069295048,13.0,attack
1.8056684065246118,436.4458901184443,2029.3044586858964,0.0,normal
2.1946994708110146,636.337651353834,2195.9143538580506,0.0,normal
1.4014402086846598,440.1562419418953,3229.93599251469,0.0,normal
1.628209235242254,454.4801095183841,2304.8688616683526,0.0,normal
4.858185401310302,449.07866374008654,2148.580011904111,0.0,normal
0.7276691571943802,434.2627446005275,1990.3408478640822,0.0,normal
2.6072194663667645,558.6165800392783,2056.985334063886,0.0,normal
4.929687225141944,708.6047049537113,2111.963436973303,0.0,normal
0.44867559734982077,621.8480214871687,1891.6341054217692,0.0,normal
0.43832494094153873,513.7661940868046,1993.3584555204902,0.0,normal
2.1846385492204425,356.68481854752883,1836.6762184056943,0.0,normal
31.404271200024137,8935.700586218163,43.33736613639209,33.0,attack
4.72918690922791,441.01076822443923,1913.0630898427069,0.0,normal
2.563329911453148,486.993970644638,1437.4069491344192,0.0,normal
30.64498336809947,14321.957487033324,47.230409057728345,14.0,attack
3.8981508344694618,545.1225319318509,2577.34688335836,0.0,normal
0.2526305546876162,528.0045342697405,1303.0911760628974,0.0,normal
13.890168634221297,15087.657119653131,49.542892453541725,42.0,attack
2.7092699254383112,456.2262677595675,2577.4987802708088,0.0,normal
2.251834101505367,356.3746135071882,2637.1361293671853,0.0,normal
2.8763657686367687,548.0608593347347,1464.8397256740814,0.0,normal
1.3636496586226914,507.9801484058733,1866.4312570291227,0.0,normal
1.0553784795114174,409.3351454845707,2042.4864813179136,0.0,normal
2.7776468544678097,619.1260681631833,2081.7139101930657,0.0,normal
1.6736945479161722,373.0534733987187,1505.1745169178182,0.0,normal
3.2021971406390133,465.909212265392,2063.229609530345,0.0,normal
1.2497462010917226,526.4268271645636,1862.0800200517717,0.0,normal
2.56289308888764,499.23110042786305,2299.542092647411,0.0,normal
42.53049205402617,8361.024720612684,33.88997232114832,42.0,attack
1.1029325343806915,506.9337161715348,1752.3924509976325,0.0,normal
1.9094757740561514,733.7827745388299,2281.4553301425426,0.0,normal
30.727397693724395,12643.174076672796,60.12942884669781,25.0,attack
1.994048483432837,508.298741881251,2338.4970486875272,0.0,normal
0.5806046458427985,666.3732832143473,2841.6572879637647,0.0,normal
3.3052504114365813,618.1890042558894,2043.6024960186335,0.0,normal
41.464522448716075,15243.972198356205,36.9545110041589,28.0,attack
2.490484815239176,521.1396567470659,2216.7812300959395,0.0,normal
30.927120393580026,11854.259463554985,61.47802791759753,49.0,attack
3.149826843673384,484.8032617683961,1441.3364955343827,0.0,normal
1.2625205287343204,680.7196643637885,1045.4012705113787,0.0,normal
4.104759072816219,628.3816859853562,2768.775659517172,0.0,normal
0.2907962817695615,524.5038664315406,3400.6864948174893,0.0,normal
43.431497458088,8004.6473037845335,41.58951569601706,26.0,attack
1.2214897661691453,315.9733615204432,2168.037706252673,0.0,normal
0.41778261296654495,550.5021088273767,2996.0472037487266,0.0,normal
2.2634994567295474,507.12537499108925,2331.2680166993064,0.0,normal
43.10684542276776,14842.49401312438,37.53659706379126,49.0,attack
2.4693736689276315,557.7978523639557,2319.0934994242866,0.0,normal
3.9964123543666483,458.8176631036343,1838.4788156134966,0.0,normal
0.5367097173684815,360.4551495244928,2248.317307489948,0.0,normal
4.818341688664141,566.6269672043524,1278.3996031071028,0.0,normal
20.191694229252168,-255.2620392692752,45.43371214278095,22.0,attack
4.171650938169835,756.0502959355683,1736.4669408801128,0.0,normal
3.0916790995755807,269.85282823300133,2269.1058027461286,0.0,normal
0.6742991378331438,490.1690152545624,2088.9541957058273,0.0,normal
1.8049129167526168,473.96909587285626,1231.7346548089808,0.0,normal
0.21009961076857525,308.8359449348243,2388.798030896136,0.0,normal
1.0764246486873241,490.80315337969535,2984.3786547169793,0.0,normal
3.5729517106228563,503.75748593358657,2261.999477792164,0.0,normal
3.7556199084005746,362.7140548518936,1598.86408303274,0.0,normal
48.04362718268305,10260.1032521981,48.79498941776676,28.0,attack
30.56828697909145,11335.681482308653,39.121624522863804,22.0,attack
2.4563617183547444,543.4941038367899,1509.5266364933152,0.0,normal
0.42817069892383053,274.7206605268661,1829.8297585585483,0.0,normal
3.343376799921357,429.2447714705894,1831.9666517471298,0.0,normal
0.41363109838224255,571.634008054041,2457.7014852424686,0.0,normal
0.8987936576929425,306.5035882759529,2261.010317555383,0.0,normal
4.650289754365431,481.0985702317526,2121.3014065274706,0.0,normal
1.5932803673920535,493.2128618300518,2165.519451408607,0.0,normal
3.9080198880444406,365.0423788448468,1812.296276758019,0.0,normal
3.4742949836085906,650.0843030280378,1749.0040199093978,0.0,normal
4.51204848010032,448.06036281738733,1542.2614854548538,0.0,normal
18.761534465682338,7691.274793269365,67.07548889321761,49.0,attack
2.3497652055674805,462.94172375992173,2105.0041540112943,0.0,normal
4.925721874915439,701.527511046064,1797.6023102898534,0.0,normal
3.034994690068332,346.8464684756357,1401.0210188296692,0.0,normal
1.3175967850908823,685.5503314794263,2655.3029564067315,0.0,normal
22.428140942329637,5874.513500272378,35.43142371751962,36.0,attack
4.444360654678287,487.5978612610003,1462.05308563787,0.0,normal
4.0136995391074155,477.89575364629496,1660.8326853322533,0.0,normal
2.787253898668457,475.5971647828866,2950.3245208610433,0.0,normal
0.6464098403742543,309.5325306534536,2512.387056140864,0.0,normal
35.23019992163071,15365.590133996875,42.3174467960823,44.0,attack
1.020809865995083,423.84121349637803,1952.437561223265,0.0,normal
2.4866034022127863,553.097566196409,1629.2508750436375,0.0,normal
0.9898288123269858,440.3025713278926,1278.0372264631214,0.0,normal
3.9660272836118877,750.0900497934281,1766.130658070709,0.0,normal
3.874996347258187,619.5480650825479,1782.0492654547836,0.0,normal
4.6910933328522075,419.6051585272519,2342.8096871092416,0.0,normal
3.7304298751451506,483.5758014967968,2141.89401391904,0.0,normal
2.935509502004728,493.04677137577306,2296.7697161465953,0.0,normal
27.73143944316958,17785.93316188379,42.79721423412068,39.0,attack
4.7093283010651685,545.3585523509219,2136.9555434235895,0.0,normal
2.029935587705377,498.3389657674091,2346.8530562680926,0.0,normal
47.04029670413003,13052.199099047466,41.844082287808504,43.0,attack
3.7340431139966075,581.1705571613265,2754.155374373775,0.0,normal
1.2194282325233639,539.5420985388038,2633.330626599206,0.0,normal
1.1258116843498807,491.3930307209107,1529.9920339381229,0.0,normal
32.600710756244425,14190.07027268155,44.72636662279891,30.0,attack
39.971013472964174,16796.92611615372,53.777117601138336,7.0,attack
0.8450379803800099,568.7426755126504,1772.3897095586474,0.0,normal
1.6114945792984718,406.08444302293185,1836.4632845681067,0.0,normal
4.268018683421575,415.35656985410213,756.2716206469354,0.0,normal
1.5564652577722244,635.1015752487001,1602.1411682396943,0.0,normal
2.671204624541018,400.6406996068552,1684.5682446582955,0.0,normal
2.532659646540969,512.3479809164594,1147.607047104943,0.0,normal
3.709022618840484,424.40492933080793,1247.1260997179168,0.0,normal
42.477690052072205,605.0952762308643,55.27438651859997,33.0,attack
2.9557534919090993,381.2234760082473,2357.6182919456164,0.0,normal
4.907812272334375,459.8204973058366,1937.5392023382174,0.0,normal
0.5951244739521688,637.3914385211449,1814.371314664803,0.0,normal
2.258162616530878,478.6124832445361,2095.1116109224467,0.0,normal
2.353022076469669,636.0115900180313,2040.9221672647693,0.0,normal
2.746058381562102,474.7236744903815,2093.7296910444556,0.0,normal
2.542002086423451,302.4512228782862,2819.4802637999164,0.0,normal
11.426976654421296,4575.160062597614,70.19199252711265,20.0,attack
2.1519755719711586,655.8789184496894,1121.565650299249,0.0,normal
13.013764702926029,17934.498285165457,64.71400348166522,22.0,attack
4.461691573240472,410.648490748072,2144.9555870188315,0.0,normal
11.159709799959195,6874.462896531737,32.093490070432864,39.0,attack
1.986978870149434,704.6862195719558,2589.994264844893,0.0,normal
2.5338075718079383,395.7728411952752,2523.3563568878817,0.0,normal
41.35649522348935,2834.7979769107287,47.97076043465772,33.0,attack
48.463158841556634,11845.26024294984,49.98485497051954,37.0,attack
17.63169061903355,14680.767970641053,44.03012968954468,16.0,attack
4.660710895457467,751.1556551584424,1422.9183076102292,0.0,normal
3.6233249354028034,530.7676653401114,1833.2568595151524,0.0,normal
0.9206646530694419,626.7651511187973,1449.356755080086,0.0,normal
4.780064515729337,539.8048216509262,1834.4878328959596,0.0,normal
1.1011502786549545,549.1445510894403,2427.451961318201,0.0,normal
0.17404235265092768,552.0756120358711,2637.3265620191705,0.0,normal
0.4435298842421591,387.2736207445853,1291.588236025405,0.0,normal
40.925546915411104,6386.098722777531,66.75129939690225,47.0,attack
1.7914418216216317,491.3298863851791,2483.965974382495,0.0,normal
1.9361376554861447,460.9591261719529,2090.1693453319435,0.0,normal
2.0948217967155753,597.3726230852368,2778.9527161591786,0.0,normal
1.1803824244438594,523.3848025789598,2057.4708858795657,0.0,normal
28.87371899350455,4602.630402127274,66.34862851160347,10.0,attack
3.0165428872216866,680.5574432686815,1577.6485006485086,0.0,normal
4.442359324278865,520.084509311571,3027.25744470238,0.0,normal
13.359580055566358,15945.648907267332,40.88719943097041,25.0,attack
1.7005323221869637,634.6099794514257,2305.8007807748418,0.0,normal
4.113411217922115,569.6322862080324,2064.9991129007976,0.0,normal
4.36774870635582,616.2838577534985,1447.6126631792417,0.0,normal
4.312993906577064,460.6909799298538,2071.714468518662,0.0,normal
0.972376237661782,413.65063950350657,1983.4873681402198,0.0,normal
3.9245750246949234,600.7157200596669,1845.2450570363853,0.0,normal
47.991974138480124,11197.334943902175,49.803192456717305,7.0,attack
3.624088713534093,500.13256887344073,1638.2566887901,0.0,normal
3.921242436240604,547.3038282160215,2515.6902626386654,0.0,normal
3.2816793904267203,560.7840338735009,2405.4568863078484,0.0,normal
2.1878085810628205,378.07155334778065,2265.4335810335742,0.0,normal
4.424543396184502,487.17365195161693,1729.1896183454062,0.0,normal
2.398625334133136,445.02106403619666,2402.42796909004,0.0,normal
26.20903131717336,13846.076386145247,40.44245642177356,37.0,attack
2.870118247400889,673.11696317673,2805.1464902414355,0.0,normal
0.4491579660497672,480.43014688530985,1418.5305065735436,0.0,normal
4.053490222409594,646.6540859278603,1509.6059957932205,0.0,normal
0.2771858645713344,642.7305364289216,2243.6090973152136,0.0,normal
4.407679707054607,589.2067599731721,1994.8238550461317,0.0,normal
27.12512202840567,4379.170076190329,63.065540677345005,6.0,attack
2.2752053270812516,595.7304822593532,2566.4631936505175,0.0,normal
2.201827233807707,356.61941760715854,1065.1341690225045,0.0,normal
2.931666452201033,387.4345032199415,1656.1078525872845,0.0,normal
2.6442003968230052,584.2513896455005,2905.7778865969567,0.0,normal
43.17600880795743,9947.217825595733,52.66295356440624,34.0,attack
3.9176026733393554,544.0059929023145,2905.2612392104966,0.0,normal
3.425482787695568,451.6382860444563,2924.020095885425,0.0,normal
2.821615357452875,583.9468504518404,1701.5032057895337,0.0,normal
1.7428673453836492,538.5749968181694,2032.8923447373747,0.0,normal
2.480771620012996,647.1034690817104,1156.360460179416,0.0,normal
1.9894282033153337,577.6936702931516,1744.8544202184685,0.0,normal
36.29976237025004,10617.287780845712,57.59442173822583,41.0,attack
3.7085767545611423,576.8839675968896,2367.634654987494,0.0,normal
2.7634090194585443,467.79718455079416,1964.439854584832,0.0,normal
4.058445115512167,432.0769346807045,1443.8362651647096,0.0,normal
4.340984916880504,537.9767636040896,1961.0892819317635,0.0,normal
0.39531021241884823,586.1436525632805,2211.753937011019,0.0,normal
1.9047166994835572,478.03305476490397,1739.6846967188505,0.0,normal
39.76941033748955,10211.315324824896,63.22548462831661,31.0,attack
1.3108058466497177,360.55049311407384,3107.1649712782983,0.0,normal
49.834257167126495,14834.58700537734,44.13714950447848,18.0,attack
23.737771331760396,20534.70091131593,45.01808079298561,25.0,attack
1.3672420909513903,392.66719677771044,2090.4355557412164,0.0,normal
1.5142897108772535,463.4494063014734,1499.6853137583796,0.0,normal
41.18537424533916,9570.680496011191,32.926570463504,18.0,attack
49.42161922696157,5776.61368353375,49.75169685873353,30.0,attack
3.2094538459964888,386.61696431936457,1762.3038788927288,0.0,normal
4.54064744455308,527.3010717494386,1729.2634967464155,0.0,normal
37.47284863969184,13958.726370043612,59.65264384380448,34.0,attack
4.2505980522211075,338.2199386184663,2948.0616381271734,0.0,normal
36.918016009854746,11313.209939358452,48.12925730077279,24.0,attack
0.5912032622420955,510.26455285396645,1517.0866145520179,0.0,normal
1.6682430450499979,281.00782950214466,2486.221998959005,0.0,normal
3.9837160698130787,455.43496969700055,2325.333814396043,0.0,normal
3.3546749864459446,488.544057252748,2100.016893656164,0.0,normal
4.103653147651472,403.19542414897546,1862.024274151931,0.0,normal
3.8900183158643435,537.021188994174,2030.3926862506514,0.0,normal
1.2261509564083304,305.8432199379779,1709.629454721775,0.0,normal
2.481402419608255,433.8458557484708,2991.2352250844638,0.0,normal
4.818660818909073,293.65968475205455,2074.3903174036527,0.0,normal
3.101609994889614,513.5563416414709,804.4607173580202,0.0,normal
4.80924455560033,496.8796511060916,1748.174869812202,0.0,normal
3.7655585792047077,568.3223014788808,2445.9202897974064,0.0,normal
4.003032725783264,554.090851856099,1686.453587613852,0.0,normal
0.254772109645646,344.84877509410705,1567.78664733214,0.0,normal
2.7260818863753795,460.638841796699,1442.3913860145403,0.0,normal
3.2184110151925243,643.6335405705979,3226.184956434362,0.0,normal
1.0921547448096633,365.89352866984314,1605.9618730481643,0.0,normal
1.7523122202721853,319.62495159075036,1464.6658142917015,0.0,normal
3.331579310091503,289.5417201234668,1983.465999319116,0.0,normal
1.5172993826660073,664.3541509120529,1233.700882701119,0.0,normal
2.919823471591807,542.4393937861013,1876.3298064874216,0.0,normal
0.635394630517145,352.14530630012007,2113.514430194473,0.0,normal
26.2559941141799,10100.069025008052,51.67002921695738,48.0,attack
3.042912233467025,562.7606297561831,2242.2956894196373,0.0,normal
1.9053997075912368,612.7686294516429,1517.392961624726,0.0,normal
43.401198450673874,6123.104851636968,39.81157530625348,39.0,attack
3.3268485267832695,489.50322924363763,2601.78902726673,0.0,normal
4.201365308981993,453.54189218843817,1867.4675015557102,0.0,normal
42.24838620689732,18673.813965617886,57.01882252059294,12.0,attack
3.8290367222599375,333.8916584432827,1514.8643370458806,0.0,normal
3.708369873821639,671.904061284182,2354.799739691783,0.0,normal
30.872628055330225,12732.948628443193,48.204701660240794,5.0,attack
3.795816472442196,468.9609008622435,1515.758176519052,0.0,normal
2.1836181086447004,507.45095938267724,1888.7125363875734,0.0,normal
3.535732321792273,521.0367113540887,1196.1793447384016,0.0,normal
1.9575608384924876,380.34420713833134,2667.253066668919,0.0,normal
0.37246705623425713,505.50029360333747,1733.228187088459,0.0,normal
3.3663423473284344,597.571337766925,1543.7059009111867,0.0,normal
1.3261902010065172,289.4353058159676,2097.70161064166,0.0,normal
4.761876376812619,595.5269237207206,2707.420331412777,0.0,normal
4.982038254373512,382.1076508701675,2461.4887825702153,0.0,normal
1.0603160258538116,678.179890877106,2281.8939375034574,0.0,normal
1.9137776312516777,556.9760357198647,2287.020965442015,0.0,normal
15.965404313901512,11514.811537493655,38.780318800505846,22.0,attack
0.2840983429546462,602.5632113872582,1159.0156080072948,0.0,normal
1.443387266143049,446.5243329155677,1671.9513819971794,0.0,normal
4.7258062597444495,578.6406211995817,1149.429762866379,0.0,normal
13.21772800837337,10094.995411299355,43.42041872334489,10.0,attack
1.1462056949222925,501.45089992626544,1660.2775075411253,0.0,normal
2.048212550017692,439.2527712379693,2061.7145908518246,0.0,normal
1.0970164382382197,453.8732949501693,1474.5294169055196,0.0,normal
0.24927206291390464,416.2594274684509,1949.9136156066218,0.0,normal
3.46639440586589,559.1136117923933,2101.9719287579974,0.0,normal
1.5234720777899602,540.6056122428081,2397.9319061706133,0.0,normal
4.052149624521104,473.1354246690257,2395.3796561162644,0.0,normal
2.0361749419951614,671.5907631132694,1386.492961355732,0.0,normal
3.1848327147695095,448.133328037879,1936.6679863261684,0.0,normal
3.0585977194520004,458.8975063496827,2104.6744286673443,0.0,normal
1.9368658396661502,504.693490206037,1634.071345792057,0.0,normal
1.3719246014477413,232.54328718458595,2092.059699164085,0.0,normal
45.76218450808578,17811.325553275346,49.97084848585205,46.0,attack
3.8191258843574625,386.65789817073767,948.6996540394889,0.0,normal
23.695270640367532,11865.611985455047,29.018125367287983,29.0,attack
33.403995941799444,6976.405666822609,47.596015243115886,47.0,attack
0.19366886270584377,368.1031501697489,2312.79565125328,0.0,normal
46.56835158723248,6207.680385345675,57.67062689489702,28.0,attack
2.551761286456247,576.7479344554131,2090.89061629358,0.0,normal
37.03163854511941,8166.830606655335,54.61228261498798,37.0,attack
14.764002304374223,14233.855545041222,69.26345405721133,14.0,attack
2.5519656139799864,513.6746647399231,1344.2280169814994,0.0,normal
3.4481473453718756,440.33709413882696,2438.7737767257104,0.0,normal
4.6480922807583624,449.5701984187377,2249.779454124601,0.0,normal
0.190114315082587,623.4751914044796,2020.9479605771382,0.0,normal
3.3106857051312066,615.9381043300522,2403.3382010821815,0.0,normal
3.786749623288561,372.84514791077163,1906.7133734723177,0.0,normal
1.2930632532238666,569.276903184886,2103.744398926091,0.0,normal
2.466547473218241,553.6413899891344,1911.415942442619,0.0,normal
27.784223969444035,9516.730451909296,20.31631569764148,23.0,attack
2.644990711569293,595.7932055215684,2009.772922399091,0.0,normal
0.3957252115537626,575.6564674913141,1224.2312895159366,0.0,normal
4.349741584703032,573.1955502509845,2955.8030335316607,0.0,normal
4.373407153826342,557.0507208354516,1305.1099284036654,0.0,normal
30.3910737881405,8690.274967878231,68.62759686380282,35.0,attack
3.691700525390854,585.3165306413192,2925.3905712178666,0.0,normal
1.4591677966075502,540.8052846836756,2551.860006861298,0.0,normal
4.664619080116457,499.0335578686653,2051.3452583742937,0.0,normal
0.7540518648381246,603.3881054924209,2124.446984566628,0.0,normal
0.4315749733100078,738.1713531732546,1439.5515131159204,0.0,normal
2.3616316246569706,418.71764096634354,1087.1710021676959,0.0,normal
0.7865545612556175,299.254313925499,2568.0956873212713,0.0,normal
4.925806173536132,466.6962380946238,2087.8368562458895,0.0,normal
3.446733189740149,685.7702343537733,2308.331988235559,0.0,normal
3.5573183453268737,451.5826048751263,2131.2514454259167,0.0,normal
3.984514756506783,630.2590396786231,2006.7102426942301,0.0,normal
1.1694440505388146,643.5087399222235,2457.0385821120167,0.0,normal
4.372033285951637,387.2503901046961,1906.1364882100581,0.0,normal
47.438963388428974,6520.951946869172,53.600164652382254,9.0,attack
1.263423995036551,596.3906934075862,1511.0305822236805,0.0,normal
43.132918745673706,11419.639438023609,54.1732930166044,18.0,attack
0.968033968292191,631.1693449272661,2209.52536737673,0.0,normal
32.854062628277816,10730.053048878635,72.20321858004883,31.0,attack
43.00155642493446,7286.005141415175,55.09045144797144,8.0,attack
3.815368530950048,549.3560204334292,1902.282576738618,0.0,normal
3.402571619914079,599.7059356453641,2688.987166962707,0.0,normal
21.91400045144411,9158.311828814045,41.0205801435977,37.0,attack
36.70428918908013,10473.406947353651,46.28935971099148,18.0,attack
4.6904657226913145,665.6208252057296,2140.605841292033,0.0,normal
0.5821386835956469,611.9244917564096,2148.286338347154,0.0,normal
2.897299342513434,515.809487586681,1548.3534446104454,0.0,normal
2.0486536307219683,562.4903594654043,1457.0184146291467,0.0,normal
4.599371524709642,544.6536506940712,2425.704968381327,0.0,normal
2.682503173167093,417.79239881720724,1848.8653039587368,0.0,normal
0.4869488947350602,523.9627518238998,2318.454039501493,0.0,normal
1.3401975419800831,564.2301235011176,2315.7093031362033,0.0,normal
37.12290049287667,7877.6204120411,41.505825302836946,21.0,attack
1.627899052117772,452.42045559950986,2147.9666201730474,0.0,normal
0.6798473355245979,341.757202597636,1958.4141140326903,0.0,normal
2.4131280310389966,442.08758903642536,2672.4270155903473,0.0,normal
11.120212778898338,10568.788417401387,51.92798792506269,14.0,attack
2.3091129198802474,531.1109991143195,2515.1248469847833,0.0,normal
12.772650454852673,3333.91473024502,53.51961074208056,29.0,attack
1.424213691440838,589.8669160339174,1286.6753945948262,0.0,normal
1.9446704977024432,493.53113949674815,1580.749691808024,0.0,normal
36.77994306202778,9788.660007826034,61.762257067585296,33.0,attack
40.82914461226264,14715.796005000833,42.46811087211534,37.0,attack
4.343713058552001,587.231538002845,992.5493837466959,0.0,normal
0.38343780229108704,477.2280385164247,2625.9737272565785,0.0,normal
41.11248573775669,13951.955382677348,62.08274740652139,35.0,attack
0.6420955110805154,382.0630878367383,2156.8615914484535,0.0,normal
0.34619074813261247,699.203663595931,1504.631540629358,0.0,normal
2.6235277325776436,485.6340470102882,1674.356267508409,0.0,normal
1.0120658989914049,330.5026561483387,1843.535516404993,0.0,normal
2.8639627412842374,467.88409612942974,2500.4102488842072,0.0,normal
2.7118414495060863,702.2590230569481,1874.2240499079319,0.0,normal
26.207284152038444,8834.614039745891,51.704009940620104,41.0,attack
25.861569102579367,18922.79444426793,52.824497640556004,27.0,attack
24.55521574507533,14073.422186470347,59.00775131790558,49.0,attack
23.699999720325494,3411.0012394551313,47.57483550473978,26.0,attack
1.8687720950061315,508.6110868258978,1747.7886583514153,0.0,normal
0.2910804616170668,304.266141086601,1577.223911822693,0.0,normal
3.778771281134173,442.18865412843564,1725.4367595052113,0.0,normal
0.5054104945291306,475.0630374827519,2294.078632217933,0.0,normal
1.73170937398517,564.5587712174193,1605.976188383496,0.0,normal
1.2701014357695426,530.7832372513885,2588.5003183951685,0.0,normal
3.594713728084827,476.3551163264141,1490.5974012046431,0.0,normal
1.6944585209804122,331.73413058773144,2235.241498064553,0.0,normal
0.907592597074242,376.5488001577604,2347.3345620592922,0.0,normal
42.54544095207323,13308.68306048474,62.354837695030696,17.0,attack
39.592865374623855,6503.779678854624,57.20224016905408,6.0,attack
35.81767332733986,12295.806579892791,52.296430555677965,47.0,attack
18.346704980463674,14116.784147385863,41.74230904531842,39.0,attack
4.032952217998981,434.0960725111355,2398.1700098744163,0.0,normal
3.217827634498316,549.9095816137749,2108.3445487488366,0.0,normal
20.756172182459256,9974.795648882357,58.83624548970972,7.0,attack
0.31272141098861395,640.6934745891751,2102.3989386409585,0.0,normal
0.6769803061616916,559.5490897639257,2576.751424890772,0.0,normal
2.4141808403986107,375.0179660410636,1455.3286811439468,0.0,normal
49.78020416882235,9076.94502781475,51.21182151900678,24.0,attack
0.4763349367406655,573.2080951433022,1611.652973513928,0.0,normal
3.5040127071866913,524.3530204186345,1720.6002139688296,0.0,normal
23.802034772882273,17521.064503426147,40.088057823754454,47.0,attack
3.600200515101488,604.095417379779,1651.7694551066559,0.0,normal
1.838379329996323,553.3207317899313,2661.35160999449,0.0,normal
1.5064868525570727,590.0533077331592,1878.294848716046,0.0,normal
3.561731059785816,366.68716452221935,2011.6926073292539,0.0,normal
0.9122952468000513,510.7169915259596,1274.3868505494208,0.0,normal
3.6896032763302267,475.69388011191336,1863.4966259887078,0.0,normal
4.655518496478608,478.43323624523674,1141.1639258183018,0.0,normal
3.9075414996936053,419.2408659901704,1782.4736998820702,0.0,normal
0.6189384415784124,596.9369302408054,2073.2071459213016,0.0,normal
2.0262091470410653,487.259312761004,1504.332803882875,0.0,normal
2.0933435246634455,343.2011734439733,1586.8173573670656,0.0,normal
1.5905737262177764,416.4310994979964,1861.8323524778914,0.0,normal
4.379282287717958,538.31681897589,1996.2596016296268,0.0,normal
2.093849007542066,626.1519252535516,2105.604699612228,0.0,normal
3.2783308881671966,736.5407771999974,1868.712170342189,0.0,normal
0.2685037534645701,518.5175536829914,2069.8258371079482,0.0,normal
2.5321946112860583,494.4079551477787,1545.7487442439044,0.0,normal
3.4731717424959068,348.10891749099324,2542.250265145463,0.0,normal
0.790528702376337,528.3751023661501,1993.9782235200344,0.0,normal
2.4620011847492047,365.0226930618769,1599.8886323000481,0.0,normal
15.62831323302297,11635.376090266538,57.18490297317129,14.0,attack
1.864247282914794,681.8898532200325,1492.2093101747275,0.0,normal
0.8199174255604768,619.1090683146192,1720.8848688011078,0.0,normal
2.105736630943711,356.73287102603473,2185.170133664423,0.0,normal
2.199443728859098,539.8992157501696,1163.7977370938238,0.0,normal
2.0020326384119573,627.9518669760159,810.5019796233878,0.0,normal
3.5054112420200587,510.2484642158208,1110.2805372882844,0.0,normal
12.875976746299841,3479.9841108168102,59.167064725890185,34.0,attack
1.1967063126308533,486.7863411098453,1261.6713882409733,0.0,normal
2.777508548781452,498.343159017748,1692.5279487419784,0.0,normal
18.786987119788296,871.9241071767683,45.134143302993465,48.0,attack
1.8294966669165473,513.2497143495646,2454.9812704302794,0.0,normal
4.195547046761528,653.2873355636311,2104.843031787244,0.0,normal
3.2071097537440236,494.2958833147058,2057.2380294093896,0.0,normal
3.5874417481556393,333.32365932108024,1900.9631849253199,0.0,normal
3.7134254667352797,543.4502646091306,2279.91422441403,0.0,normal
1.2513696844801687,595.580274511248,1351.9756535880358,0.0,normal
3.3676348619759118,519.624094066672,1181.7984903967576,0.0,normal
1.4841458454874308,596.3925423055571,2897.262424196106,0.0,normal
3.7664724828799265,377.15561687342375,1490.5650214666325,0.0,normal
1.2566472703976737,541.0550085327617,1782.461379211842,0.0,normal
38.19344790069346,6990.514195336932,43.207780627819,40.0,attack
28.866112053135545,15850.961670352808,63.50993905727516,42.0,attack
23.289110562651352,13096.746477173492,38.57209305003599,5.0,attack
33.30403747137998,9090.699671049191,50.18118477625871,19.0,attack
0.25019726080844973,607.684814465768,2604.5050994504986,0.0,normal
0.5089740164479781,352.9510448768749,1787.7009169889288,0.0,normal
2.8502582680905317,529.8158465990525,1631.4853194236514,0.0,normal
2.176317442878938,469.6435674734085,2160.0939274609364,0.0,normal
1.7081444926856268,397.00277252230643,2379.4908477300564,0.0,normal
3.450945613993182,447.261093836038,2589.631579289615,0.0,normal
1.4841148892130183,650.0274609000987,2216.7708052362646,0.0,normal
4.874534557564216,500.7178466907942,2759.97600295715,0.0,normal
3.1084545009936404,494.8457791392348,1908.9797844571722,0.0,normal
4.0337735806400525,423.75820493970855,1235.7043518703567,0.0,normal
3.203664186151957,532.16785413765,1684.3794318796497,0.0,normal
4.04404320652305,658.8940328444082,2184.6318888249525,0.0,normal
3.0938068453698597,508.12784220561986,2553.8605479912244,0.0,normal
0.5094162538023798,705.7811177097763,3174.5542790125164,0.0,normal
2.9123543437381514,415.95070144933084,2546.4795554483344,0.0,normal
2.167967874625431,349.71293913176106,1797.6520715683369,0.0,normal
2.7894074588790443,483.80451830586725,1484.4469733528683,0.0,normal
16.81732807519984,10389.428634903374,54.790026240919886,21.0,attack
2.892459455869451,338.8432640897172,2644.601525703437,0.0,normal
20.486556416351974,8922.16028290525,46.907560923672705,13.0,attack
3.057291151855493,469.10399854020926,2661.670461244969,0.0,normal
3.6513571804909315,450.4121827989851,2499.108827985865,0.0,normal
44.91493143068504,3995.9050008247978,52.31528480217519,42.0,attack
1.802842097037398,553.7478704606428,1914.8881040144104,0.0,normal
0.5154808786244358,596.9569025752907,1726.7961902681636,0.0,normal
3.7624775923238007,273.39479058507175,2127.9885732093853,0.0,normal
2.2831540298352655,622.7034597048872,2156.0310658633693,0.0,normal
2.053448836084334,237.51829436258885,2934.5332518391306,0.0,normal
1.479453872233157,573.9675468117833,1487.1383025126963,0.0,normal
1.9488584644196452,545.7324281086766,1445.124936055863,0.0,normal
0.8968230027899674,531.2378210466571,2331.420546510816,0.0,normal
2.6120082904107598,419.84724098954587,1893.8778450800346,0.0,normal
4.69043006396215,521.8659306757297,1952.42593846134,0.0,normal
1.9322131303627867,695.2917382489511,2309.430165072318,0.0,normal
0.9694537645206418,531.3132140013155,2235.2549236892783,0.0,normal
4.434475752325107,464.2009565586664,2168.3007137810832,0.0,normal
1.4221215286282505,488.4890306076761,2608.2236936385398,0.0,normal
17.381402029465765,11637.963655714788,54.060851098744294,16.0,attack
1.4614786028395903,432.6209894340524,2538.6468365078463,0.0,normal
3.870515372640491,609.0861670603698,1554.2282550727477,0.0,normal
2.3076662630194584,442.82539580439385,2515.8268872875874,0.0,normal
2.6420740465424943,379.29783521427845,2061.121502273533,0.0,normal
2.8742853870028475,453.0235535662863,2206.04173243573,0.0,normal
1.5670383830212382,404.8815629612044,1801.225651727111,0.0,normal
35.13345461194615,14727.486523296975,53.147625614551636,39.0,attack
4.510407596780755,539.1127876932726,2134.653094781169,0.0,normal
0.585972687977358,612.1861504794252,1903.3295251601887,0.0,normal
4.128681445400474,256.46876682171114,1933.3606423854224,0.0,normal
3.4783783487726025,450.2427501690786,2226.9526147206734,0.0,normal
1.8549973183609187,416.307929620372,2497.2791178708108,0.0,normal
0.43404431598891846,514.8876803917691,999.1299162618692,0.0,normal
0.8059860514646779,643.4309669352076,1284.405833382124,0.0,normal
2.778817322298943,503.4008096228147,1880.3634264240743,0.0,normal
1.925293764611983,427.1040749966838,1759.141474532237,0.0,normal
3.4718600598240568,454.02353841695236,2313.438531764511,0.0,normal
2.5262179823684745,347.2832143410352,2513.739671676346,0.0,normal
2.6318220876087124,468.22391059826043,2382.7187471875077,0.0,normal
0.4060422087334501,326.9737269515655,1537.537092140363,0.0,normal
0.1486267235263946,524.3134655138489,1680.403233124921,0.0,normal
2.9016845250367793,587.6173931693075,1797.6807399795268,0.0,normal
3.1981825528244356,616.7120788003298,1458.405776666975,0.0,normal
2.075732102600732,490.7125498606947,1705.9907404815165,0.0,normal
3.412528811457483,539.3873218164744,2043.3805377313233,0.0,normal
4.356135728128355,405.2107282731014,2422.227936035833,0.0,normal
1.6354047961672016,464.4025915614167,2082.9295133993364,0.0,normal
3.7155606409514976,533.1647667125762,3265.184834320845,0.0,normal
2.345673143490417,397.41318940305234,2123.6357260543778,0.0,normal
0.6425309072989468,472.51546993302077,2154.523417512017,0.0,normal
1.0624541577728852,551.8218950445412,1529.3092569303674,0.0,normal
4.397743846989126,523.1607474168092,1879.6378480054746,0.0,normal
1.9083598066284915,372.43173400042684,1395.2823355204705,0.0,normal
4.404726250376605,345.5062653323241,1336.1006632602846,0.0,normal
1.7909103530148456,503.2143146964561,1897.646383238856,0.0,normal
4.2057510367738375,568.321240400107,1378.7495815403063,0.0,normal
0.36622697063222875,585.3201545051554,1724.4418799796856,0.0,normal
2.149390877824033,533.868731792169,1979.3701736749697,0.0,normal
4.124160792892863,546.2483624066854,2070.9899569370027,0.0,normal
44.37690363445218,1640.1376410372395,43.95319149872589,40.0,attack
15.882796182013736,3936.296925625975,45.689988941670606,42.0,attack
0.5197254230225097,350.2742354821355,1751.3414268211652,0.0,normal
13.4973078997457,12265.198282860296,41.34790946147753,9.0,attack
35.224338866024375,15208.664263272985,33.636982149005405,24.0,attack
4.964802511095445,462.6631574996916,1070.8542558874465,0.0,normal
3.9212698455774144,321.8841585534367,1616.823695367492,0.0,normal
2.7785762789201636,336.7985114973583,2330.171527281341,0.0,normal
0.5955011130016722,560.4120889588518,2303.973783502877,0.0,normal
3.4829346602838904,630.350793193476,1137.9690945659822,0.0,normal
4.675372172707203,576.9031655442276,2162.625837927172,0.0,normal
2.1185946656671,633.6969073555961,2522.528072615603,0.0,normal
4.141241863000337,732.4698914323418,2611.3558964159656,0.0,normal
23.162512676036382,12446.170067750178,42.19195048421007,28.0,attack
26.92453723983145,9333.048389441887,59.11750123972265,32.0,attack
0.3276070223279889,589.3697689389111,3060.8156536651018,0.0,normal
1.8019822986683294,554.9683186290259,2552.4986009022073,0.0,normal
2.7788803687820707,422.7340554729176,2140.615246109302,0.0,normal
3.049424811974145,382.08917856371517,1875.053132093977,0.0,normal
4.487195836850529,305.26575258591856,2119.3689626456785,0.0,normal
3.978737314256658,418.4624371683879,1719.0349430710369,0.0,normal
1.5696036463842251,348.74710347011245,2873.245315797311,0.0,normal
2.2445405079261973,504.3828799460428,2508.9785262146797,0.0,normal
1.0499290328907742,589.8359568346985,2043.678712630132,0.0,normal
3.3164070571532194,476.62759421482747,2377.592486901972,0.0,normal
4.8285753103269125,467.2193540123477,2462.3609027567104,0.0,normal
0.27974769416392975,531.6358321536145,2053.091459720108,0.0,normal
4.983814583879586,452.5821824896035,2214.4839742742583,0.0,normal
4.362848882273656,529.845181398144,1653.9674006676541,0.0,normal
0.6890243713159814,216.76740750158592,1691.964392331838,0.0,normal
43.47755379239825,24847.547538728322,62.32283829510831,34.0,attack
4.473535314683725,336.60770409407127,2411.711592281156,0.0,normal
4.747421204114568,511.3140457053023,2077.0159208417936,0.0,normal
0.13406543960283446,466.98799060335494,2537.610770590958,0.0,normal
4.740744268831744,617.1810143273844,2236.407534963916,0.0,normal
31.333073710117457,12836.089527169363,48.664742645475116,17.0,attack
4.0088880904062485,503.35247023885876,2789.1713387486425,0.0,normal
1.2767135320131462,516.805980596682,2299.725343160852,0.0,normal
26.757633683205103,21872.331416419962,62.26104585334068,27.0,attack
0.6516439130184913,275.0567545799236,2610.9023424883508,0.0,normal
0.7919953625284324,706.4220134852411,2204.0480292849725,0.0,normal
1.6629805884394306,376.09472974733575,1779.8626815745984,0.0,normal
1.9773787884225378,346.9538590256623,1365.508711372751,0.0,normal
0.4114359164015159,786.8403055666768,1778.196584896307,0.0,normal
0.859134024602869,360.0318495267314,2636.0992771250485,0.0,normal
3.08903634368948,436.8348475486356,1590.366767905314,0.0,normal
3.567834616310885,579.7850701382139,2658.0037098592493,0.0,normal
39.19496050570564,16927.876169707404,56.098125198747525,21.0,attack
1.5281584761195903,653.9142345810651,1048.1202971777034,0.0,normal
4.687775045197741,610.133016488955,1673.1289850965163,0.0,normal
2.590966679889772,739.4361900582451,2197.6536263246653,0.0,normal
4.4620535129172545,389.68156187669064,1772.3287884273436,0.0,normal
1.3653975026648961,484.06377678540935,2259.9355090509557,0.0,normal
3.9496929285931373,441.05476000612816,2364.6184746553763,0.0,normal
40.43230165724309,6761.736218109772,40.27549362312995,43.0,attack
2.1372980072642775,588.0065962957342,1864.1349800651458,0.0,normal
3.139516801631977,730.7916250616111,2589.20965878186,0.0,normal
10.738636195729438,15440.462316042946,62.098939600191045,38.0,attack
2.9972496351501534,535.566894856323,2039.9576318700188,0.0,normal
11.59728757062437,9302.02436442124,46.012982175168105,38.0,attack
0.9678423290945398,648.9113108328289,2071.1889562552333,0.0,normal
4.6727049300206005,515.1407390624778,2160.0290957466223,0.0,normal
4.907604285779927,350.5243853550356,2650.3127005279794,0.0,normal
4.729352076423897,605.7368305378225,1919.9349302010314,0.0,normal
1.9607824623046557,382.3355056099947,1882.4175608744515,0.0,normal
4.177457471992935,423.7480760853402,2032.8943243244812,0.0,normal
0.8563773048435913,360.4210797807515,1396.9888142959405,0.0,normal
3.8351971604054174,208.57440101830588,1416.1212920500393,0.0,normal
0.8268816847142354,401.5465949518032,1690.9124789499156,0.0,normal
0.17543496928741154,549.7788309417778,1740.0829271373868,0.0,normal
2.367130949781072,542.9340822801735,1329.937552172607,0.0,normal
1.2644239655627585,494.60951509942606,1535.8900163259912,0.0,normal
24.67473577144918,6151.464503810723,56.98399121329401,35.0,attack
4.905622783558804,601.0274586836016,2303.471304193319,0.0,normal
3.1236259289772264,497.8755220723758,1375.2175440379974,0.0,normal
11.953664932829756,13596.638009147191,43.95486139440205,25.0,attack
0.8879594519457434,517.7750106268031,1765.3267667866444,0.0,normal
27.535235885637263,11115.101514810816,45.86189881378103,11.0,attack
32.76186299574697,5839.647661336016,57.74936107108474,28.0,attack
2.0251860335765772,568.7238450395289,2485.231318453333,0.0,normal
15.523346264080363,15864.838495821328,36.68252515601824,16.0,attack
0.7970219065672612,431.8619764930426,2283.2704935408283,0.0,normal
1.4217730964332493,440.35885920311205,1639.7724646624706,0.0,normal
0.5469099049385828,712.4771403016962,2594.6132306278923,0.0,normal
4.904784312597545,589.8117324122347,2396.631247977515,0.0,normal
2.4187285427886303,364.2482460158065,2447.8981091179644,0.0,normal
2.250959961457617,454.54522812565557,1789.3215961147791,0.0,normal
4.950805138710732,478.43904214319775,1678.6118085500261,0.0,normal
0.22455372104606644,411.8931663338708,1958.4553361284084,0.0,normal
0.5092720819320921,636.6389411854439,1361.3144332246911,0.0,normal
1.822951167474209,476.86990570703006,1437.9390705696132,0.0,normal
3.2246724097900845,596.717812243895,1925.8885555784395,0.0,normal
1.3626461537049472,283.0322582274298,1110.0624458959164,0.0,normal
0.4971264579474749,550.8608373233442,1955.813356236802,0.0,normal
35.092978780926856,14446.317123794879,35.40213328082001,15.0,attack
0.8352384570005229,558.7391699806012,1456.1256623231661,0.0,normal
3.346359193334512,627.8865813313394,1578.0730612875504,0.0,normal
0.9207063365611278,571.5174390128059,1910.1848136372423,0.0,normal
3.1482248311165804,417.18037270347656,2121.737538568385,0.0,normal
2.8818638578621676,589.4232774500935,2162.7425561623086,0.0,normal
4.671331826591393,413.92431982981805,1946.2775591028753,0.0,normal
10.052794759373187,11211.455929011592,41.80947356881194,48.0,attack
2.476963833899747,467.37662955586404,2089.7070855244206,0.0,normal
48.25992499108394,6684.5391308730605,48.312280605620906,11.0,attack
4.888808749158368,362.4489110431257,1882.7462324270546,0.0,normal
3.3656689328814955,597.845780566655,1363.0813374328977,0.0,normal
3.9786351926977135,471.8835957535443,1825.3690573260192,0.0,normal
1.7575107793730425,495.10349691415496,2050.8150267667124,0.0,normal
42.37125057485733,12211.681299880986,53.13143023133532,42.0,attack
1.0074582825505929,476.42887551433313,1227.4717962967825,0.0,normal
25.318680442572532,7286.515630486932,52.65288344783808,19.0,attack
3.1292685102496796,606.8379333694016,1576.7510985655463,0.0,normal
1.389911997938255,473.44073667375886,2403.8697779920753,0.0,normal
0.7251434836982624,509.76703767483355,1800.8584832287256,0.0,normal
2.7311746721777266,447.6268697228578,2528.9005037709594,0.0,normal
0.19380985318449973,440.8981544266568,2465.443691395919,0.0,normal
25.39425049972214,7066.2761963499415,46.400944628167515,7.0,attack
47.229031781815884,4644.02571065507,36.196470645868146,19.0,attack
3.847568024424678,447.05330364929915,2060.730532099773,0.0,normal
44.394058876626524,17791.47478386224,45.7799410329092,13.0,attack
3.6091383036936486,491.7284976103507,2255.267689225618,0.0,normal
2.3612395766611978,558.7262413464176,2707.602263350912,0.0,normal
43.42157116965702,1024.3540169006574,36.81907964204494,35.0,attack
24.145514525604415,13840.97064052924,48.24641825605159,36.0,attack
1.442950787776736,582.2350470895753,2222.2959975365643,0.0,normal
1.9018074349912244,619.0548594343596,2197.686840592833,0.0,normal
4.1938531061367526,440.8721990630294,1388.8176925063804,0.0,normal
1.2719825106580356,543.2216690759254,1387.798896476364,0.0,normal
17.34251632479635,8082.9102901553415,29.472175668294746,34.0,attack
3.239014399389548,440.77591551871853,1635.804843379145,0.0,normal
49.47242727195023,11836.801745737434,48.86123392264259,44.0,attack
0.9890479037085721,551.0157468915183,3172.8120809482202,0.0,normal
4.181355606313717,327.3989381333233,1627.5106162574723,0.0,normal
0.47662416885320125,545.0495723778034,2129.443757856353,0.0,normal
0.1892869456925937,394.8690088360655,975.2627571651594,0.0,normal
0.48048173989086485,465.6794073156962,2271.211984766051,0.0,normal
3.8268206480308837,264.95441473756387,2145.043949817716,0.0,normal
3.5099056790271326,422.0980578480014,2746.8548795027673,0.0,normal
43.555243220204844,9075.624114027043,58.22342298687552,17.0,attack
1.2270433027097452,539.5798848709748,2302.0258224608115,0.0,normal
4.57756337497897,427.90298915301037,1892.3058555699618,0.0,normal
1.2835305243382409,543.945269045799,1832.4284306109037,0.0,normal
4.994573798963124,469.7114756201007,1780.7863163923632,0.0,normal
0.6728003994709839,558.5904201164649,2386.4239192718615,0.0,normal
3.2962290781005046,482.07489746430883,2087.801774902185,0.0,normal
42.655909054462825,2749.918219162336,58.32400538590559,29.0,attack
3.616229051725064,391.387370081859,1863.7865495345643,0.0,normal
4.913655222852172,357.7025074738327,1864.8661978180555,0.0,normal
21.846178730554318,10386.818651420483,41.7169746042311,37.0,attack
1.434305899944908,522.155847362421,1755.2146764846643,0.0,normal
4.051377724440914,678.4775039185095,2143.1933719776953,0.0,normal
4.956726268071185,516.4294765370569,2009.9977431032096,0.0,normal
0.5121233499634875,730.3638752104789,1622.2505584330254,0.0,normal
1.23226650328155,497.7699716281947,1958.1084500554678,0.0,normal
3.3913333535886983,645.261674548618,1443.3525829426844,0.0,normal
1.7921755659999505,465.5901971737667,1438.5426612762146,0.0,normal
4.714455986932733,516.5403660299704,2087.787042462911,0.0,normal
3.729766226995602,541.8205755887972,2514.5902180639837,0.0,normal
3.068296614848747,460.0100937868863,2299.498170842132,0.0,normal
4.15842133694237,414.83378256656067,2186.4211243279124,0.0,normal
0.7430999006436991,487.4825571616836,2676.181272963075,0.0,normal
1.1324543229492956,443.58038201395135,1610.0966621311998,0.0,normal
29.500091144811194,10816.278131460827,61.53169698454845,39.0,attack
4.4958402737676275,483.4368589682368,2432.0349910694736,0.0,normal
27.264620694893967,9938.61733248912,48.46916266990345,45.0,attack
4.97461454043316,616.5916520255223,1692.9809192252944,0.0,normal
0.7887095411339679,400.1787741488595,1809.6526881024538,0.0,normal
2.8689180310185063,568.585781860842,2422.636648521048,0.0,normal
1.1997588019996375,592.9409984790816,2396.355508866832,0.0,normal
1.004152994846249,292.4411990921467,1886.1145104381826,0.0,normal
4.555179008721645,415.7567369873674,1967.294883202303,0.0,normal
0.5424198732666007,345.1039474946525,1772.2664718751298,0.0,normal
1.2881054678101755,467.4388947851496,2596.793267738131,0.0,normal
13.193242662514937,12409.839135264461,49.38633959900087,28.0,attack
2.5411590106203814,442.20792231672897,1507.6831564910224,0.0,normal
1.601520831246521,634.2180131244854,2530.4000359029737,0.0,normal
4.978592436544529,505.844948070565,1667.477040998444,0.0,normal
3.904592487848651,515.5324999199402,1902.754257567612,0.0,normal
1.0750614809012404,497.69494439145336,2116.7975406307883,0.0,normal
3.1149603228420304,578.3358710524031,1066.649706598029,0.0,normal
1.1350359742173621,533.7766099054602,1167.3076808795004,0.0,normal
3.7314911815212897,517.5536229578598,1880.623698968283,0.0,normal
1.5974606559020532,497.94394426494927,2745.836929400904,0.0,normal
1.8031004687710124,482.9741753204095,1644.9316965813089,0.0,normal
2.188288380956268,432.7514403993664,2813.2153673044295,0.0,normal
2.10611915190339,458.35615667519744,2060.0992793730275,0.0,normal
2.023045112524452,546.7950422131852,2247.882786507755,0.0,normal
0.5122858284757393,402.0278775283193,2971.7644405610986,0.0,normal
30.873321939793993,10308.673382301484,54.12641361442966,11.0,attack
0.8530861099366023,460.28846684321474,1769.8038336716725,0.0,normal
0.44882437745512205,489.65687757097163,2043.9867735645844,0.0,normal
2.0850032031850754,513.5859424081657,1768.7335168433106,0.0,normal
3.7436101892651434,568.7932972051428,2771.2736056870585,0.0,normal
3.240048941982011,492.4128549314977,2235.6956313824953,0.0,normal
2.1148676955244747,528.7563905167328,1147.3961961119917,0.0,normal
0.9988667623768291,552.7839349915587,1670.3379326114161,0.0,normal
1.9978803380790389,543.7126779731052,1896.4191554529798,0.0,normal
1.5318693292632992,636.322897513225,1838.4621286614877,0.0,normal
4.488063819631383,619.4592220513731,2436.393707234805,0.0,normal
46.639680054483094,6699.26066331762,71.66959267246966,5.0,attack
2.1140395020528535,496.2106918283169,2283.3010741963626,0.0,normal
4.698562575249357,503.218508703684,1935.351271482246,0.0,normal
0.686834445914331,378.27173077795203,1602.014813074751,0.0,normal
0.8654121865644477,477.47373575086465,1055.1482581892274,0.0,normal
1.3727935404255986,518.5688580418739,1488.1220261460746,0.0,normal
3.1939527139700448,530.6450862963341,1624.9886592171415,0.0,normal
3.0702557088093125,477.7279299223393,2425.3596972303235,0.0,normal
0.950130646739608,538.5970092568875,2822.6774761353727,0.0,normal
2.290572164651485,616.2259597505667,2084.115270591847,0.0,normal
43.727965664947405,13538.958070775088,68.85788516485528,21.0,attack
2.5133366997124336,419.7175556049158,2039.0037092394286,0.0,normal
0.6551871731645746,444.77387478873914,2145.8663626891544,0.0,normal
3.206627945188096,575.473329806781,2075.0678269781015,0.0,normal
32.12151375958405,8556.70919660385,63.175408190174,15.0,attack
3.152536259461066,451.22946270512557,1883.1965195085672,0.0,normal
1.9650541380352426,592.3508616047369,2258.1983338932896,0.0,normal
2.1143684527434625,400.4826040100763,1424.3866712464278,0.0,normal
11.21689257573137,-3537.82846836054,52.41076078803295,29.0,attack
18.12640153456836,8394.602852703765,40.77946952822573,49.0,attack
4.9077714001352435,487.6863564647732,2195.940631122792,0.0,normal
22.139368342062433,8257.669043190099,54.64263743235793,49.0,attack
3.6571828264641733,440.6188591931295,2655.5811483018083,0.0,normal
2.58459226901972,588.2286492599216,2000.111973997894,0.0,normal
0.4354072175734822,635.3453647621203,1631.5493238841004,0.0,normal
4.919479311916949,523.2094637928537,1367.1817774550946,0.0,normal
4.064215837429215,417.61631303588456,957.8341893285997,0.0,normal
1.628132903792728,320.1785260590892,2295.8340248465656,0.0,normal
4.266705205487487,568.4163208608954,2102.74321378001,0.0,normal
4.701435549306429,463.13806342143005,1053.983213757165,0.0,normal
33.320259320182046,9678.44774940377,48.6881984573516,39.0,attack
2.2517610519940705,639.3454527524432,2665.216172189408,0.0,normal
3.403238448126709,409.86243201028253,2707.0145677809937,0.0,normal
23.947915814465468,13245.466921937503,38.33177230465934,25.0,attack
1.0928999072631815,478.34768024638265,2842.850877017486,0.0,normal
2.2967633713101687,749.7415126419854,2093.553550062546,0.0,normal
3.7204467179518605,617.1167632706147,2513.043720480002,0.0,normal
11.367817996847553,12467.686471018835,50.85339775794894,10.0,attack
1.2098292984698962,345.42702133092666,2362.245530190864,0.0,normal
2.3902674051243618,569.8688813517043,2669.2960691478033,0.0,normal
1.239279361818373,476.21929625740603,2534.27477922765,0.0,normal
2.049399464960569,400.1693224708945,2331.08437697375,0.0,normal
3.2485694777224388,486.58197893230755,2007.1436059419946,0.0,normal
26.793551294203066,13437.75359796247,43.03706420947605,43.0,attack
3.799705450856764,507.66090704516597,1893.0367668244173,0.0,normal
1.835929503364357,626.7960487103089,1932.332883038445,0.0,normal
3.662578131915412,653.0334564354412,1860.1936400476616,0.0,normal
4.488806410332016,647.5879150503965,2108.702926363502,0.0,normal
1.2106163709122415,373.0001402606124,2485.70617883618,0.0,normal
4.612873153373222,548.0586758427712,1664.3462043144568,0.0,normal
1.4428705813673095,486.78306443556284,2217.773159496182,0.0,normal
4.365582134719983,491.7746300328547,2060.395116250555,0.0,normal
1.7010384559472003,396.20086450107704,1237.5075299279702,0.0,normal
2.975521478302308,400.6137325165147,2288.53609191757,0.0,normal
48.483015121488926,6548.240669368555,56.49604865112886,28.0,attack
24.509465918899345,12444.947653300225,51.36124634075844,25.0,attack
0.5341421054301245,392.6311341082247,2766.190191293811,0.0,normal
1.5170184868501544,495.4877109675948,1436.357238146535,0.0,normal
0.6141578742490569,443.84422536693745,2370.5084756682245,0.0,normal
1.9470277041820474,571.0549102297786,1939.7064057632651,0.0,normal
1.1991609383822788,177.89836440142864,1417.2792368894716,0.0,normal
40.43206687024407,11998.899588084256,46.81857367338573,13.0,attack
4.02753184822665,515.7974312251451,2141.0181052311104,0.0,normal
4.034710152593402,570.3140197236049,2284.6446616350318,0.0,normal
3.6843326738113817,605.0049041553427,2193.5741580304534,0.0,normal
4.2476162294991395,517.2254386411038,1257.6976040401737,0.0,normal
1.2183532811191258,667.2265904097528,1452.7528195825519,0.0,normal
4.376378227374549,547.9507548001609,1903.4589629966936,0.0,normal
4.540101948352255,418.13949733399215,2336.736398079115,0.0,normal
1.9184533983076266,465.3228423233288,2543.240061445191,0.0,normal
2.725295951966317,409.5931710264,1941.1663489035734,0.0,normal
4.037993176805661,408.37258994362753,2718.2147597794333,0.0,normal
0.19470539149624508,287.6052417299335,1374.3219088803567,0.0,normal
3.588868699620826,472.75899833963126,2961.756743801727,0.0,normal
12.103658849627141,12760.622923649214,66.67797933004515,33.0,attack
48.76968521832152,8146.147016697452,54.43892839042886,8.0,attack
12.431246745176136,10808.9577030136,66.78055600452595,37.0,attack
21.08642455376779,6942.420989808226,60.784261944729465,44.0,attack
3.542172011536836,606.3940987560857,2269.882256414171,0.0,normal
0.5189918011868936,544.8635764514527,1855.9219847444413,0.0,normal
2.29359978451105,516.1299542662695,2113.465971900124,0.0,normal
2.807254740298657,495.47456980356634,1757.6857176999592,0.0,normal
3.3970711761305914,440.57891276183335,2060.7392896645288,0.0,normal
4.363484482114556,549.406391897552,2306.1349050526965,0.0,normal
1.2735998325567368,573.3054281465999,1762.4373607776984,0.0,normal
0.43130156160185307,400.55714782002076,1967.8311763104168,0.0,normal
0.32957435178525535,510.72079620401337,2074.2739517963196,0.0,normal
3.714153277785569,617.8512689798423,2224.716757973631,0.0,normal
4.159499567300673,483.17408655124586,2146.642214502426,0.0,normal
3.015881860431249,488.91874397209125,1234.8604320351062,0.0,normal
1.7815200305460255,611.8632334154212,1405.5294409733256,0.0,normal
39.5423799246318,1706.1268745698453,40.48891953257535,9.0,attack
3.51761016217949,504.4358797515607,1548.6728200060902,0.0,normal
48.34973187633749,7962.053276701522,46.57282223121855,35.0,attack
1.7721143553681664,471.67819610547673,1300.3289170756148,0.0,normal
0.3226872636731436,418.8999136371155,2472.6558856179327,0.0,normal
0.7148828543158384,474.1991463802391,1702.7511387866389,0.0,normal
31.494309969075086,14922.964474478984,50.93458491766353,11.0,attack
4.369928767535186,408.1980938361035,1688.6641167238085,0.0,normal
4.139910436262291,532.4658235502518,2000.2799961698477,0.0,normal
0.6251428555649027,525.7198970355928,1537.4576897606823,0.0,normal
0.4730412115024709,479.1531789459592,3095.2085005942117,0.0,normal
2.4686964362684187,576.0506119584143,1891.5864748889283,0.0,normal
30.452981746445058,13936.38146561457,41.35103887571577,42.0,attack
2.872329618720882,414.9115910961101,2295.785509226549,0.0,normal
3.1383565040497166,350.09840395415983,1831.0611122630967,0.0,normal
3.6631284418549095,364.74913105592776,1774.1794554115265,0.0,normal
22.902369465330736,15024.651470339417,57.05513386060247,23.0,attack
0.8206600565522859,579.3175688218678,2058.853709230479,0.0,normal
0.2790933724556649,492.09326581354435,1811.3067412688952,0.0,normal
10.677174097021403,18379.593938046884,53.61907836360988,12.0,attack
34.38781820579936,2524.0120634842224,45.822448750791835,48.0,attack
0.46529815403087704,415.3149033874636,1971.3012681066032,0.0,normal
2.3671104648204286,216.696970985726,2132.240842475687,0.0,normal
1.171678021585558,529.7227221585086,1840.0838679359604,0.0,normal
1.7789612179603558,485.3146478744699,2306.4126608346605,0.0,normal
2.6589919742685417,443.939236315269,2510.812382199974,0.0,normal
2.495599375783012,483.1615077527147,2507.6961643376117,0.0,normal
0.20422011316689698,214.53733370956087,1220.2821104368873,0.0,normal
22.16281139121028,7870.37700341217,61.79424468140428,43.0,attack
1.2860708304063522,398.5240506814148,1026.737356820568,0.0,normal
4.547075722237856,409.5385625006234,2193.293114952596,0.0,normal
2.813630979490644,530.734561670797,2156.4328257454554,0.0,normal
3.21850822276382,384.28833812867293,2503.6521787366314,0.0,normal
40.40822498116641,16934.7994513664,53.75746881719658,45.0,attack
3.815489660052211,559.1442151751855,1717.8550736404904,0.0,normal
12.610207565000238,8250.149598243555,41.39492673494689,44.0,attack
2.151175647099817,608.6380711205838,1010.8075417134579,0.0,normal
47.80316791231328,4456.175522975024,60.893798361546075,26.0,attack
3.9404232281721256,378.9839056585842,2274.787158032222,0.0,normal
29.277771175708832,12275.731904747592,63.801232895854,37.0,attack
20.89538317053158,4358.243312446111,54.419089221642025,10.0,attack
4.8315969620653405,728.1651836538842,1959.0528102137534,0.0,normal
3.0901032324404425,727.5825427647637,2329.315976395255,0.0,normal
15.484127522973147,5171.660430763845,56.97182620792853,23.0,attack
0.6578081280353469,529.353752996864,2716.816804408939,0.0,normal
3.3308342188083357,508.28325705181,1927.3252888430575,0.0,normal
3.8290175556206947,412.0717217588012,2312.6591670107514,0.0,normal
44.47312523298411,11910.58585296259,47.69289027515177,48.0,attack
0.9783524983481713,352.23875930805553,1133.7527025163363,0.0,normal
0.8453109877891372,569.8919685080789,2516.5949321815738,0.0,normal
2.6401993075315002,366.53893930897675,2092.413516810827,0.0,normal
3.5410679535551552,538.173416896251,2788.0862638706894,0.0,normal
16.80427528048304,3450.0624413411615,38.91825303515253,36.0,attack
1.1809985682849353,508.10825429008236,2210.2683529520345,0.0,normal
23.709616543553835,10058.258538426227,43.3683762419071,16.0,attack
3.836047560129384,473.7340479683832,1840.9207491910356,0.0,normal
2.033404345062727,292.86228206618426,2556.399097806453,0.0,normal
2.648801155448768,542.4066861518452,1636.6129310830784,0.0,normal
4.229288320586719,545.2067838259671,2199.9982764718034,0.0,normal
15.103649571495087,14073.653608108409,55.62092262082618,24.0,attack
23.61269617192766,6184.468232772621,59.21053128047925,23.0,attack
16.77866835553758,8668.935247967542,34.309009753067755,6.0,attack
4.225963142444464,573.9180494701568,2593.8566920692274,0.0,normal
18.203750148944398,12527.69438451604,35.11077743929423,35.0,attack
4.341328013560306,419.4200345115795,2652.4813443952094,0.0,normal
4.3238709631358505,485.83514139898733,1856.4452475688286,0.0,normal
4.667379584169701,441.9351697446049,2676.019682987163,0.0,normal
1.3073699628716235,538.8375729230169,2313.840208937237,0.0,normal
0.9147885069047892,475.7301252174718,1492.917890936516,0.0,normal
0.7354269932987533,546.6431287412317,1955.714466365605,0.0,normal
1.30519286908409,432.9884799545767,2481.251295976649,0.0,normal
1.1345171185343834,426.22632953151594,2455.453517516875,0.0,normal
46.969508032565315,-179.51285052387902,44.14049231286188,37.0,attack
3.7748063049559715,563.3326826071238,2515.4596691834536,0.0,normal
3.8792246987611345,371.9544428997533,1685.9253001221787,0.0,normal
1.6179605101245864,544.848545419644,2527.847124441575,0.0,normal
4.507915409045386,405.7441994208124,1413.0633368469857,0.0,normal
0.3545872300159153,477.5146944205148,2469.4785891174256,0.0,normal
4.861732205332707,405.4493120057269,1470.59992587609,0.0,normal
2.31179641921541,522.327083592026,2118.021531912185,0.0,normal
1.3705541184422916,341.7776833253522,1238.413767913076,0.0,normal
4.306222484030758,315.9922255494247,2427.6007538741314,0.0,normal
44.75483182157545,13516.091274283719,41.14065074534889,47.0,attack
4.67873653134702,525.1316648238103,1197.647495101094,0.0,normal
2.9428446092139287,571.8417423471641,1837.571036750727,0.0,normal
16.216045149560617,13545.57194816642,50.9912579247616,14.0,attack
2.4846778129810443,441.0887867218873,2118.9147703791677,0.0,normal
16.42231243052681,10001.59305732534,56.37898316259925,13.0,attack
45.18252950451125,11740.476458936724,50.55208008992333,33.0,attack
0.7566746194081396,601.2637409644071,2649.5749102738337,0.0,normal
0.1282174364407957,512.8617450404967,1614.7876004310606,0.0,normal
18.594846953965384,13147.791830329179,57.67843694668112,20.0,attack
2.6018457115518436,517.8529169720478,1830.4558527365864,0.0,normal
1.4716760950351202,239.68629121727014,2147.7558457951695,0.0,normal
0.3053845619096619,550.0917329085858,1166.167366904569,0.0,normal
3.036580369083245,519.2651532648025,2223.9653663864733,0.0,normal
1.6009361440132424,483.95806180246524,2410.07179706153,0.0,normal
2.5625737746708683,547.9360953429423,2334.5426051337618,0.0,normal
4.354535276501064,404.1221543813225,3252.724452678447,0.0,normal
0.8172325615950207,754.9009708717722,1622.8509336964287,0.0,normal
3.3339218255674776,623.000057271915,1545.1597803437623,0.0,normal
0.2299054216539469,543.4770064556891,1411.386791274395,0.0,normal
0.35399541568667225,484.60023348021684,2058.3308755847515,0.0,normal
21.066797687163277,6962.395450396448,59.089374968886,9.0,attack
2.5195984221855148,605.811832508715,2483.403552125272,0.0,normal
1.1322447261277664,410.21699335743705,2564.4237437746947,0.0,normal
2.420011676824772,464.33268658201285,1910.1901392971834,0.0,normal
3.1541608214550343,593.7915537510655,1501.5341867989366,0.0,normal
4.277482364105255,536.9016437825167,1563.6075232361786,0.0,normal
2.0162995295936277,576.6242975040509,2323.0648380120856,0.0,normal
12.47884027917641,10743.803666678481,59.918537005078576,22.0,attack
4.336361686661083,589.4910556026825,2241.2668549105924,0.0,normal
1.0090750269452937,403.5799928576755,2084.325683805098,0.0,normal
4.991902805825453,496.0105616248288,2531.08372379433,0.0,normal
0.37956813364114617,513.7352479407036,2156.4111183834234,0.0,normal
0.9642962338804942,452.873625929748,1987.856752164987,0.0,normal
2.8373477426070846,438.8366263305441,1590.3065847506045,0.0,normal
17.453339053776293,15366.700884317726,53.49827912680088,40.0,attack
43.755398626625286,338.13956252095704,56.54355690596218,34.0,attack
0.9318137349289497,639.3181257934906,1335.496181388276,0.0,normal
4.343868604697288,251.21779424376686,1447.9871832638073,0.0,normal
3.0334265725654794,545.5904195170702,1971.3647945889488,0.0,normal
2.7139593506839756,490.8155235665045,2001.115811081201,0.0,normal
4.738995271724638,477.82185962838645,1254.8762383504768,0.0,normal
3.078734954687879,435.8333179869618,1508.9902513945476,0.0,normal
2.9604866245191475,573.8237230816162,2799.561620418367,0.0,normal
0.9049024098618654,514.3048769878952,2292.2620259187174,0.0,normal
31.7480567857967,9307.494890300233,57.17846228996267,44.0,attack
3.7047492597720306,753.9381622782862,2270.0089008615705,0.0,normal
48.77320501406642,13760.231918094149,67.81399716600858,7.0,attack
2.3264489393438086,635.1114089986715,1142.4100146482897,0.0,normal
2.467586230236976,793.5406206388468,1793.7899650750464,0.0,normal
19.620481696221475,11566.208468468081,62.16165776782255,47.0,attack
2.225705355924995,376.74596887797196,1771.1615035057835,0.0,normal
2.9576349409577785,414.65045199386583,2534.6418531975914,0.0,normal
47.95526499597855,13367.144063768468,50.66094246298976,10.0,attack
3.5647237386068213,309.5055545989361,1693.3940537620017,0.0,normal
2.3652482489029754,536.0393395018081,1691.3571465605564,0.0,normal
3.4149155903085084,469.03502860119386,1510.988488238716,0.0,normal
0.2494512247013422,461.2300083591439,2618.5904001445047,0.0,normal
46.754114235324174,6643.944624330556,52.74460177613842,14.0,attack
1.1734371645991033,597.6040719355947,2388.8988154388576,0.0,normal
4.0420237479159296,603.7181405649051,1503.0395354123034,0.0,normal
4.758786267883556,809.8299434071257,1974.245403123036,0.0,normal
2.767963430721289,600.6730071227065,1610.8457234967482,0.0,normal
23.977004507751523,6794.441729236152,29.817658885688036,31.0,attack
1.3247890373483442,488.63333109185646,999.1469991372333,0.0,normal
42.89454055249722,6039.982129523778,57.01131200712918,18.0,attack
2.8043435099949794,356.4090476131472,2166.359664792594,0.0,normal
41.23092939548758,10796.965988881111,46.84036048647302,7.0,attack
1.5637553105849882,539.2634115650968,2122.0492217511933,0.0,normal
44.81316138216377,2133.935302191464,51.47010833612863,21.0,attack
3.3349671459168837,469.78194130173785,1887.253288332682,0.0,normal
1.7083422178238634,350.7537729994007,1803.885194327988,0.0,normal
3.1563411158336447,320.69236020876104,1865.689188030968,0.0,normal
4.252200859799731,374.6493987628238,2425.964535395421,0.0,normal
19.797561827746254,4866.4475410736695,57.64187616135564,32.0,attack
4.398282649984231,309.1997862876692,1493.6777792784553,0.0,normal
4.888153502684455,535.6252788706083,2510.9813883390707,0.0,normal
1.5690225850696562,408.935491281751,2695.4167740883217,0.0,normal
4.270569690432599,432.5065981209448,2526.1055779785293,0.0,normal
4.196976745715519,351.84192284486323,2157.7614704601265,0.0,normal
1.6403155546003674,468.73315542676426,2423.4199727345826,0.0,normal
3.78076797107481,446.1209695423289,2134.4024672196156,0.0,normal
2.1148384381734715,521.8388987544174,1760.237502684108,0.0,normal
4.561968014350667,351.88542753782843,2101.0372530806562,0.0,normal
1.9639626899550076,409.5052167061934,2373.7730628932295,0.0,normal
1.9826128936304213,402.00744252177554,2202.5176929278564,0.0,normal
49.50383098053124,12170.342435915883,54.82712760556138,20.0,attack
4.502946962906713,418.259186558566,1445.2722222768903,0.0,normal
1.9356018116697091,532.2974503617668,2102.7278435181515,0.0,normal
0.38460969962417735,384.5637331767016,1628.8068147846327,0.0,normal
3.160608835761205,510.35381539491755,1366.361655813635,0.0,normal
14.766281821618591,-665.5960885905552,41.193935402183506,12.0,attack
4.050386270986,316.885512166165,2520.028945396695,0.0,normal
1.734779139600642,365.46645125847584,1241.6687268570395,0.0,normal
0.9373491782113226,438.56768559037056,1968.553066550071,0.0,normal
1.6274381321981866,494.0584818727506,2233.845051929443,0.0,normal
0.6242051302520962,435.4427927964605,2194.092897827367,0.0,normal
1.2267775688663225,558.5299436516339,1373.2991408524908,0.0,normal
2.139154591080832,397.25964484739893,1511.6898420682219,0.0,normal
2.471977641579988,416.5815151267376,1832.242083983467,0.0,normal
2.541452843090923,588.9153824787805,1368.5676231359112,0.0,normal
2.9030383525095744,479.65388589196954,1899.2900499615132,0.0,normal
3.7817379215423244,551.8101702029976,2497.7075952247374,0.0,normal
2.2758143710907945,448.9010829804273,1774.815904371666,0.0,normal
2.4256912911740884,521.9302337200436,2104.2459852877905,0.0,normal
0.6813544521337436,470.21331950431386,2120.7045581850234,0.0,normal
4.793170024842199,571.5493096769485,2457.9118907988022,0.0,normal
1.1142636343482915,455.8151072759176,1913.2277912193063,0.0,normal
1.5131866453118543,474.6048293602765,1844.1072133719877,0.0,normal
4.838920414769935,435.89187334616446,2571.7830224643067,0.0,normal
17.65172696808429,7401.627608981824,49.786676183689124,13.0,attack
4.130432490323528,374.21318440911125,2320.947061429319,0.0,normal
1.760417181759883,472.24863811397665,2026.1863843637843,0.0,normal
2.209094310572852,564.4595432415176,1553.6133463619246,0.0,normal
30.162997873603533,11304.33087360988,44.820327007834905,31.0,attack
3.0570895663226287,429.42265169046345,1826.237528740571,0.0,normal
2.0551132489636386,519.157739619409,2160.4650309628287,0.0,normal
4.868082998564431,518.0071037695982,1317.661837049729,0.0,normal
2.5138630110252103,539.5819781095923,1804.2150113219805,0.0,normal
3.0297098961743174,666.7224111551137,1354.528890253388,0.0,normal
3.9058817290803884,597.3622249427847,1968.0610835843268,0.0,normal
4.926449315090288,360.2194521575703,2268.1946094237883,0.0,normal
4.007387505873948,369.2630217769036,2415.749433465831,0.0,normal
1.7012940587031093,369.8890733608655,2329.9248060522823,0.0,normal
4.408010285746113,482.2508116225717,594.6858416909581,0.0,normal
1.6273842728381138,404.7683619261203,1128.163698801732,0.0,normal
41.99317816199606,4562.6091594381605,62.56878031674922,6.0,attack
15.015155364327505,10102.508646838342,55.66607832835089,18.0,attack
2.8050311861747033,346.24152035508246,1690.817489977935,0.0,normal
2.4548742289005756,394.4910631823305,2987.039343872512,0.0,normal
39.44216057931158,9432.090658846057,59.46551361423474,41.0,attack
3.5102736098591203,393.9394933603399,2637.2201139244517,0.0,normal
1.6781879113575737,398.4121173010022,1083.1471161852828,0.0,normal
2.2267027662729184,577.3239986665759,2447.46503078278,0.0,normal
32.94666390196039,4910.252769324248,52.36542193614863,34.0,attack
1.4567004759212985,547.1542380418206,2301.236718141182,0.0,normal
2.6495077344285876,447.5432986232949,2787.9379047509847,0.0,normal
18.51403083839655,11340.834749109868,47.58685096255272,32.0,attack
3.7748912124151475,566.3545618498435,1657.8789097423783,0.0,normal
1.4180676817319788,464.91505699235256,1725.037583767827,0.0,normal
0.5681230377898742,182.95742641219442,1811.2882994348352,0.0,normal
1.9629585320507,443.442363212601,2398.215183321055,0.0,normal
38.62695107421358,15632.16858373015,55.4752653043562,15.0,attack
47.06851381231093,13538.391220136215,39.965345742007095,17.0,attack
13.978463898087593,9136.86823495761,64.36089346182015,26.0,attack
2.9258417544030064,611.2100619221338,1867.0379029637834,0.0,normal
44.58711010342601,10902.480280390406,41.13334965315625,36.0,attack
2.9601965798836836,297.2322728329151,1877.0758412780083,0.0,normal
36.20929938305376,21508.374260253873,28.373209894854703,16.0,attack
0.2977190516125286,480.6572371418794,2328.203282744986,0.0,normal
0.4844334999539074,574.5360724077876,1780.5750047609142,0.0,normal
4.370530350146644,332.71060986884254,2385.231797843613,0.0,normal
0.829551446628979,660.7578306399511,2286.7237466776996,0.0,normal
41.60438049068378,10852.42340348457,61.52250651872748,18.0,attack
29.57323326496944,7387.395352951815,47.577119018216116,36.0,attack
0.7315106373621812,481.8496837864333,1595.054950455296,0.0,normal
0.8443231982102424,517.847666388539,2146.676018161492,0.0,normal
11.713492847559937,8334.801121305405,28.063520737411267,8.0,attack
1.2793942879792746,466.99098082985626,1028.751154519115,0.0,normal
0.23277036326706912,551.694651574837,1223.4823610800897,0.0,normal
3.688765140386058,506.45059728625716,2395.7487179864784,0.0,normal
0.4454105336514088,455.67365351820973,2947.7536729956773,0.0,normal
4.550502841236603,676.1188124867374,1474.9067313191654,0.0,normal
3.4938671659082066,390.7858406571267,2306.632772330572,0.0,normal
2.2672396467105633,382.2238542008642,1814.5344481961658,0.0,normal
2.813186278254255,511.33943919666893,2284.8794598520894,0.0,normal
1.393903724999222,492.5073443881552,2072.8084984134457,0.0,normal
10.952241730333721,9822.962804773246,46.50137336923562,42.0,attack
3.719127544848421,489.09765800365363,1155.9828374011609,0.0,normal
3.7870948541738225,568.6567746753176,1963.0076092318657,0.0,normal
3.188211375335174,493.15535073335843,1922.6548344327227,0.0,normal
3.156910690915208,521.0600839297642,3578.885641522149,0.0,normal
2.643392975450525,538.4202072005896,2289.454909034567,0.0,normal
3.928477093161795,606.014381867127,1979.2544477113104,0.0,normal
2.514815964210841,543.235271420034,2846.156509552438,0.0,normal
2.228576263132388,530.8292063638821,1921.7953606035987,0.0,normal
4.642469269501903,610.5833066294713,2222.838953540962,0.0,normal
3.3077883656431775,602.003650690209,2318.4350791977017,0.0,normal
12.241165329956548,7783.906537861521,48.39513779671437,33.0,attack
3.986400082584024,577.1401794903767,2900.764203916093,0.0,normal
1.6377513602996365,626.8583235647469,1804.1646952479837,0.0,normal
3.5479235109621166,693.5154040060229,1749.8694917066623,0.0,normal
26.475931904397463,7645.750849388581,50.79995855243582,19.0,attack
4.289372695851224,310.03297191411184,1840.849492947833,0.0,normal
4.515674251405846,496.4992389993764,2003.8639465878423,0.0,normal
2.178687845310184,503.4027411072232,2117.7278975555573,0.0,normal
0.3431104293603035,456.4235503029381,1702.3471511530088,0.0,normal
1.438046968866781,543.6005775222579,2610.2753019656166,0.0,normal
3.2459550661560104,545.8168114788699,1404.0626479043751,0.0,normal
40.420080176689595,22622.546383037472,40.319870354107195,36.0,attack
3.1792896374114767,418.56018125536764,1979.8976327318105,0.0,normal
4.633716755336763,403.3753680246746,1607.9180708200836,0.0,normal
28.083740895615364,19862.899522234664,26.224301700728976,28.0,attack
4.111827124471849,611.6681275067522,513.3469143537213,0.0,normal
3.0285745852432457,481.5967600800997,1553.0917847091937,0.0,normal
17.482273441055213,4776.667346843784,50.069849162559386,32.0,attack
1.1387708680234248,418.5243997176452,2057.1543765296237,0.0,normal
4.121411187757219,532.0997563686024,2376.2416885371094,0.0,normal
0.3585497635120529,492.2505700107012,1486.8788123485501,0.0,normal
2.6120718571864407,496.3410025657069,2190.6223275810494,0.0,normal
2.9586197943539907,458.777925497553,2205.782859582141,0.0,normal
0.9232696179498308,501.93440708117544,1883.395750896803,0.0,normal
1.1235253476253024,770.3027564405083,963.9324419517566,0.0,normal
3.5480612895578996,560.8735589124417,1800.1147442784713,0.0,normal
2.9516598693805545,305.0438282245633,2046.467826341489,0.0,normal
3.0245299596927575,533.7957528232118,2302.053727719522,0.0,normal
4.821737887737339,568.2069490062631,1812.2499799622146,0.0,normal
4.530792127897069,509.931381495135,2581.3240293430963,0.0,normal
4.476142005457533,571.6589339759652,1808.7080786387833,0.0,normal
4.426282600941739,465.5522791247547,2117.464062544058,0.0,normal
1.813545825754663,487.66559359538894,2128.3916286623617,0.0,normal
3.3489312398367703,545.2756352076694,2229.6020907997645,0.0,normal
4.038691271447889,599.5973678846445,3316.193102338749,0.0,normal
1.7513155645133032,587.2824351005635,2263.490695681877,0.0,normal
2.4742361758920532,383.6957349715398,1646.7622496171016,0.0,normal
37.37730758326395,15861.37479804034,43.30903239862287,5.0,attack
1.5530243483095107,397.0188151458155,1930.2289785360483,0.0,normal
2.9707374634222443,502.04171672129183,1269.8487823953888,0.0,normal
3.4921551661374775,456.72261164116117,1115.9344836466407,0.0,normal
2.2020707341375902,496.771938895053,2132.1451050766254,0.0,normal
3.9527631769817626,407.12079185475415,1235.112959945332,0.0,normal
3.6006784039490873,523.0610848766214,2100.369270379195,0.0,normal
1.495877219613422,396.2933926430004,2435.777983144071,0.0,normal
4.781139963869249,280.8746148834719,2088.381051625132,0.0,normal
0.5690013220487925,547.3407415712467,1059.7822279684592,0.0,normal
2.7036376946839256,382.8345652682438,1326.0021078164154,0.0,normal
49.55041623577047,18061.55763951774,45.26117130214281,9.0,attack
34.57685192892118,10986.8630271983,40.72285707715632,6.0,attack
0.47716117996628304,469.39860456425913,1293.9621968421848,0.0,normal
3.780772434261249,280.5617530179976,2032.94580430112,0.0,normal
4.245015054420888,497.45058714148,1877.0023308221496,0.0,normal
4.239889023750328,709.5843501809159,1735.5007928984364,0.0,normal
0.3215714835203281,385.69806879262717,2167.1635272767517,0.0,normal
2.848596060523393,368.41841835724927,1333.4259957613954,0.0,normal
33.019011115454596,13081.971452651796,52.00394784876352,43.0,attack
1.4396946524604608,414.9464721252956,2451.1356999717264,0.0,normal
4.54171334372628,632.5432109095078,2042.7973519722627,0.0,normal
31.525737203258174,10299.814288478534,55.209768734917716,31.0,attack
1.4767196290019287,388.5953549838007,1723.7153269405737,0.0,normal
3.1980950108056994,467.9702195463358,1582.4377480138824,0.0,normal
12.783271341743161,10187.834293536262,60.44980495133194,22.0,attack
18.19664130063999,12156.419084431493,55.10098731207273,18.0,attack
41.173450612779476,6585.324468424069,55.259441806248,29.0,attack
0.7246944454267139,567.1531171729054,2304.1335831720944,0.0,normal
3.8278467382227976,560.3247500571393,2168.1389446237813,0.0,normal
25.68511419947153,9377.71685142789,57.99664515347575,32.0,attack
1.8765430031395633,304.8397087117113,2191.016852858005,0.0,normal
2.9527738583111582,480.2379532204034,1715.5615124013154,0.0,normal
26.28367824632079,9013.224223326679,59.385710670599394,27.0,attack
0.6822077897135524,471.58449020712027,2747.5151548679187,0.0,normal
1.308627217446492,375.5513550111134,1985.0981090742796,0.0,normal
2.7540076518382484,477.56810291218954,2117.5676496830943,0.0,normal
3.5551818132957607,496.08378845572406,2676.3795153073816,0.0,normal
0.21442527200811098,501.5682236471624,1830.6654730581213,0.0,normal
1.9057790842464297,446.72745017830965,1827.046359666586,0.0,normal
42.292572030762095,16861.394567232874,60.2719478824286,24.0,attack
2.828326186045916,416.7938695150143,2200.0000028067834,0.0,normal
15.624232163061071,9385.155266828153,50.556301237657884,32.0,attack
4.488257955846009,414.0386486121546,1728.4890268071051,0.0,normal
2.415217439531917,439.8055558064823,1120.8955616722824,0.0,normal
3.754095535383038,466.4755918131973,2200.320819169918,0.0,normal
3.853717405022983,667.4859672914065,1919.1163594171655,0.0,normal
0.4300179471969814,405.96010835156466,2291.9415111420008,0.0,normal
26.89407490802938,17414.164331929533,44.51194977222832,47.0,attack
1.1061313996633193,493.6726040103084,2005.0105758702846,0.0,normal
0.17126886177262146,670.3172609918038,2719.084600572851,0.0,normal
2.144247750966425,567.513705640692,1701.360532076876,0.0,normal
4.842031179820854,448.409468686766,1180.8771704527333,0.0,normal
21.874081371199402,9321.993800495586,60.53121452523803,39.0,attack
2.0770660444407456,286.7404373845164,2166.615267495011,0.0,normal
4.562773792055185,469.6373927101999,2667.7852277683783,0.0,normal
4.416266720074749,600.5924511796417,2384.5678896550166,0.0,normal
2.097162622011703,495.5638544488438,1079.0404605342285,0.0,normal
4.124802978213402,366.0530225042244,1976.0705361736213,0.0,normal
4.296800221822779,446.6399693560833,1750.506372010444,0.0,normal
10.616598337936306,11983.139696107286,57.88754043885447,44.0,attack
0.6123824176385613,528.8728003009836,2366.0756130273676,0.0,normal
24.364397718703884,8207.287362186951,51.072858660965785,6.0,attack
3.1558790136223043,496.7723105897382,1900.7154065595198,0.0,normal
3.7915531077688143,420.9100618332447,1634.3727155935217,0.0,normal
2.0576420444759806,457.0365021472491,753.8051742084663,0.0,normal
1.0401498911218403,433.45777018705394,2081.667340338769,0.0,normal
0.10722172822292594,450.2645628585907,1823.72687863169,0.0,normal
0.14964280173594258,246.82306837491862,2363.5856297669743,0.0,normal
36.828781028281924,941.8007644080644,52.56685230891479,46.0,attack
38.05991602263134,13190.920203641064,46.586954853399405,12.0,attack
0.5473047162520545,607.4318012715562,1387.5000556699747,0.0,normal
3.7626075968554074,444.9448068291512,2029.8459402898682,0.0,normal
3.6281790290757647,624.9504900706158,890.7150170244502,0.0,normal
28.854726228059626,13766.067232080784,52.89784478658222,28.0,attack
45.057170993697405,10530.362881934192,37.347879640018036,46.0,attack
4.820632727646397,487.51131146499324,1486.6872585579104,0.0,normal
2.8677215529868207,451.9166210488021,1633.5369809457325,0.0,normal
0.42838103498092883,570.2659998499306,1699.5851804520426,0.0,normal
2.6231734145749717,590.6544157109964,1914.094768098663,0.0,normal
3.6082639213522483,419.0619178917246,1836.6931096693936,0.0,normal
4.161685823338319,428.39565637241594,2316.108157015925,0.0,normal
3.175034592411911,481.74310256204586,2044.6976394658066,0.0,normal
4.44185783303472,681.6755629575105,2727.2692304438788,0.0,normal
3.042532616124902,479.9647422205836,2553.387259312164,0.0,normal
0.9012669756666116,478.11337482643745,2166.040730708405,0.0,normal
0.12705837390565178,458.20904542341094,1480.4444158161305,0.0,normal
1.767896810847078,325.7228026118959,1774.2773048375332,0.0,normal
0.8786500215798325,532.557781678707,2208.4365312950204,0.0,normal
3.6842831625452677,421.7408637451867,1628.6704171138108,0.0,normal
1.7507893796784237,555.3388983074427,1337.57710953363,0.0,normal
1.7915933997282913,524.9417687685042,1070.1684797251007,0.0,normal
47.36621375172025,12758.401161279848,64.94731007269304,16.0,attack
3.2208213555282423,604.8864141875363,2366.9752391821194,0.0,normal
0.9184663358511687,345.688177205713,1325.1973721440359,0.0,normal
3.8359900975068557,407.78110945683727,1963.515284059361,0.0,normal
2.0461992951304286,518.125116260205,1411.2917473753557,0.0,normal
24.857358025869296,16767.257807380593,50.35843294858049,28.0,attack
48.24904788304615,4290.069646536593,37.35111155897292,30.0,attack
2.763337264978966,615.9839966388345,2526.2736553673744,0.0,normal
0.9804472334641857,361.2131449544198,1838.0455733920392,0.0,normal
0.15955692598010007,345.7198484790354,1196.871605799021,0.0,normal
11.001004062554664,9961.45674258878,42.96343622684917,8.0,attack
28.732972294742204,17546.200099137503,63.42956331631226,17.0,attack
1.1840696125857137,709.1094272732478,1910.646557718252,0.0,normal
1.009668854016091,471.1424882845899,1924.835813118145,0.0,normal
1.1911127877031165,667.711587018687,2164.911530434255,0.0,normal
4.794778243705226,576.6388476572399,1746.9553544040557,0.0,normal
4.014037855290961,446.1952241509862,2320.770822468006,0.0,normal
1.5094003723140235,543.8412699496645,1743.4363768178584,0.0,normal
0.1701448605685939,325.35332744209666,1849.1007533018735,0.0,normal
4.335355424214222,583.9663864431188,1581.3096051587665,0.0,normal
2.6098874119821054,524.0205843946223,2118.8213281499798,0.0,normal
3.074760776835026,420.91182083054343,2103.5697183892844,0.0,normal
1.88492231913557,501.76132519336574,1984.8684712015072,0.0,normal
4.8817397535137435,415.4846041573841,2956.344067178398,0.0,normal
45.53303258810488,5268.430886261018,37.6902150319474,29.0,attack
3.741646673784857,366.9294868669074,2513.5755179465755,0.0,normal
2.146145801346149,315.81022270421425,2106.4121993349845,0.0,normal
41.92683210471381,8820.642677331614,34.86720530842228,20.0,attack
3.31810471102533,452.34485767807587,2334.719185771234,0.0,normal
4.399128052446982,542.5843658629828,1432.9144273611048,0.0,normal
0.6286679922671918,428.7779236350949,2324.4409629519196,0.0,normal
15.601569250574086,4155.095448937502,48.487009602302926,34.0,attack
24.97057871402937,3180.6603318532925,42.56300083094817,34.0,attack
0.4965044869511357,308.8683108337496,2353.2527317736262,0.0,normal
2.643258172634789,402.14116100113455,1679.0892980278293,0.0,normal
40.317509584246636,11472.8840027016,62.72910217247424,12.0,attack
18.043339536241838,14701.848443116487,31.310259241731234,25.0,attack
43.43225478471344,11594.187016902126,50.79202928689644,24.0,attack
1.2080141231233927,472.7066679774487,1973.7630719684753,0.0,normal
2.6045327822624262,359.5183056072493,2162.629749114791,0.0,normal
40.99399386136396,18063.901163485196,63.495463138337435,22.0,attack
40.966860000917166,11925.275839689171,52.63819085679341,17.0,attack
3.5248492595881897,569.593210094085,1414.0330353884026,0.0,normal
2.366420109052425,546.4369863546574,2096.7031835948583,0.0,normal
1.603205337658492,411.60011432535595,2884.9565338277966,0.0,normal
0.6874663580162893,675.0925941927144,1488.1701269346427,0.0,normal
32.506671226253324,17973.80994521932,51.11067473195633,37.0,attack
36.920364038522095,8351.0087147708,61.289567351829476,45.0,attack
32.308190476266844,8265.680060376948,63.476780855126236,29.0,attack
3.9907234274244505,415.5058561406504,2271.1015034545244,0.0,normal
0.3151097189507251,667.3441885622985,2029.9548870397518,0.0,normal
39.5356654774423,10657.758200887478,50.744066719261475,39.0,attack
2.8499916625843724,592.5672209502721,1770.8884853717495,0.0,normal
4.602740014833817,500.87836548981477,739.5764967136327,0.0,normal
1.9153133036777719,484.9679539728128,1806.943611956929,0.0,normal
4.09264305735791,541.7680752239401,2700.7501732760793,0.0,normal
3.316745175924363,556.6771726184179,1093.3532639914206,0.0,normal
3.097431656548326,448.4781606191757,1686.2896327868134,0.0,normal
3.2767582365152688,349.34747419608846,1505.563826182208,0.0,normal
4.500349689854936,403.73489880810234,2451.045655794134,0.0,normal
4.2263827233649724,460.64701440302713,1597.2366587447398,0.0,normal
4.022874825634506,614.9672018878747,1557.1431001001552,0.0,normal
16.145260815730666,12256.737739323164,62.368718935182244,44.0,attack
2.5505524851754724,552.1449399059529,1789.2088442798536,0.0,normal
3.809535762023265,594.680756651187,1536.743372610126,0.0,normal
27.33523392459763,8495.323535149335,57.906177188399774,47.0,attack
2.756962306910057,553.8434957216452,1410.1116253127457,0.0,normal
15.999080966061786,7859.2733450359765,56.06237193496288,17.0,attack
1.623813376406745,333.1400741121805,1573.0884562478113,0.0,normal
14.409316348849309,9329.011553572735,43.751887954641106,26.0,attack
0.1757374209914504,519.5481731553291,1945.0679384490322,0.0,normal
1.5386000368960178,638.4532047593906,1414.5375530962733,0.0,normal
1.8448739568994468,460.2320306385396,1775.652158690258,0.0,normal
4.952628288588877,422.0624674739883,2269.9754503775516,0.0,normal
0.4366970208474088,580.9112790731378,1645.610898639251,0.0,normal
2.709824605629614,500.78801846947283,2036.9317172054402,0.0,normal
34.506741189579174,13794.238829193982,36.78790768143871,22.0,attack
3.598759957887597,609.8983357441965,2522.01256472119,0.0,normal
3.4855949167020834,639.9594645145794,2120.9010357778743,0.0,normal
0.21403248510554676,659.4442391749196,1462.1316757791942,0.0,normal
45.5885488049759,2113.8518193393893,58.652711572945464,42.0,attack
2.0334227704284675,663.673996183064,2015.8109869551238,0.0,normal
4.261058692670065,579.3818467143816,3496.4052850303206,0.0,normal
24.463610656812385,6595.455854321526,44.652277439421965,25.0,attack
1.1956196087453181,416.5676954508418,2550.8689308931043,0.0,normal
4.065869661844717,544.4198327290671,2101.1916852993477,0.0,normal
2.3158679103600552,445.1799701833227,1823.9561262730595,0.0,normal
28.51322628795231,10282.538372146337,56.31900339157813,46.0,attack
37.44933120385791,13238.029912835353,46.46209268857686,26.0,attack
1.067605400313693,372.5767880923205,1422.1462125415424,0.0,normal
4.073305046938801,500.19768447558107,2225.4061681659,0.0,normal
1.9645367783624834,418.3845010971956,2083.0703065391654,0.0,normal
0.5487521593005074,425.3076714929832,1240.0536001905075,0.0,normal
1.2833327777586525,647.5112364309855,2644.5659177187226,0.0,normal
0.189339655114172,336.8664889582927,2784.8142934697466,0.0,normal
1.2856879385535225,345.5566151751756,2915.5885677829438,0.0,normal
1.5436350420963467,506.83715659676585,2242.367323984462,0.0,normal
31.53357961400065,10635.869595971428,36.12713486569134,20.0,attack
2.899176302691777,665.0572963232848,2397.379261235967,0.0,normal
3.877739181777349,563.8660168643103,2528.362455640209,0.0,normal
1.7420823858697956,498.01263646316886,994.8916727169685,0.0,normal
2.413853133293552,426.68438028900033,2007.5138751435486,0.0,normal
4.988378657270567,570.7231373804277,1279.3291271423152,0.0,normal
4.605702020814643,551.8793017451721,1250.682251425394,0.0,normal
3.9945667888746543,445.3958201183279,1542.1224794332197,0.0,normal
2.52164099152647,487.0965884870216,2415.080686173152,0.0,normal
0.5672685142377174,530.9726779136003,2592.5815157196703,0.0,normal
1.6860282583807942,485.00592809208905,1674.6716893319026,0.0,normal
2.8309521309077397,463.0681229841811,2224.2066247395546,0.0,normal
2.7396388099683,575.0872779401332,1993.2483777035116,0.0,normal
2.2684730225922536,376.04119874749716,1716.5933410988305,0.0,normal
3.563208362738685,536.0164183945767,3074.1484318934795,0.0,normal
2.0011351237396604,519.3379451924159,2376.5949748662742,0.0,normal
2.026178850867126,443.6052511941757,2157.064748225333,0.0,normal
0.6101320517244119,576.5878279480614,1908.377378395359,0.0,normal
4.887334076750823,461.36775245528247,2024.5473656528357,0.0,normal
16.857288178988725,11113.580313004823,59.559380601783104,36.0,attack
19.57859118137867,3428.574510959399,62.655229214185404,12.0,attack
17.315506035862107,14950.3061535818,48.5551215855557,25.0,attack
40.33222854053173,18413.237970066486,59.06343235397152,16.0,attack
0.8873299650880414,440.25211419755965,1860.8448720617118,0.0,normal
4.792146973910705,600.6606541032628,2003.0657252176134,0.0,normal
1.4460486937346708,540.3274563037172,2273.8694893687803,0.0,normal
0.7346231142857405,403.34121090146846,2390.748619730316,0.0,normal
36.87824561979648,12791.160534391516,60.56730430775678,21.0,attack
0.783519917195005,551.5628088443957,1637.8487328961667,0.0,normal
27.34911531583911,12087.235172054,54.03940416068305,45.0,attack
4.607292520422527,387.6505966760402,2944.639397751998,0.0,normal
3.2222872363605743,479.4372146356752,2920.9078046933037,0.0,normal
2.05267319854713,504.52227089999826,2376.7087367105464,0.0,normal
0.1888078011240757,417.8185171578654,2198.763878286577,0.0,normal
2.7491120958895223,669.5722877810865,1697.160000032101,0.0,normal
2.007548508805685,486.26890342111204,1409.884132899815,0.0,normal
42.533733161804335,2744.480067666307,44.10240759332865,22.0,attack
3.77960501198026,608.2999938516868,1581.9025746479147,0.0,normal
1.6159263175276324,545.0613049431388,1782.3759014974157,0.0,normal
16.096276801515256,13929.964063515657,45.055020261850224,23.0,attack
4.39961286628256,645.1001438131336,1980.0367683133181,0.0,normal
2.4890988489995833,484.9385985370067,1500.5318118772043,0.0,normal
0.6438483991460573,516.7570105800991,1496.4025062365108,0.0,normal
21.14513332359028,9857.554377448036,53.34275466076521,44.0,attack
2.384867123405112,409.3097125277939,2256.271814199701,0.0,normal
3.6537625360341695,605.7814180820797,2292.3114762433706,0.0,normal
2.0070882257973994,595.8385819842042,2181.5021424030383,0.0,normal
4.093204669848642,654.0441239776674,1782.6026533138916,0.0,normal
1.1520098485704418,463.2215473428945,1622.269599303559,0.0,normal
4.951533345825642,365.00743621387267,2344.3563722773847,0.0,normal
4.92488172367009,481.40755190512294,1482.1979719773028,0.0,normal
4.832161328116762,362.7920812730386,1442.436868668256,0.0,normal
0.2600293978440298,539.8763764424814,1857.6022216762835,0.0,normal
2.5297911018859773,560.5606232631313,1046.8816899553099,0.0,normal
3.3907086584047184,530.7612668189197,1850.1519716678429,0.0,normal
1.3648538202355252,694.5195074276933,1318.9783145726212,0.0,normal
3.9316038880740005,411.3959753021623,1331.162906956158,0.0,normal
0.20263030905147278,491.89540352782564,2739.7408809304366,0.0,normal
4.402074170180841,394.9376678172199,1377.4743882480025,0.0,normal
1.9161465206277657,428.08905485508143,1745.4530973442152,0.0,normal
0.29099867123953904,342.05637012824013,2177.15469075943,0.0,normal
4.8169772319218325,491.91215021345386,1847.022784234204,0.0,normal
1.0997746096816043,535.1165467627084,1435.6827428103966,0.0,normal
3.572849018940585,565.233033817668,1985.1556048570108,0.0,normal
1.181771102664926,513.5338347892291,779.647992612458,0.0,normal
1.5109321791123633,436.9153597052811,1319.1624847681846,0.0,normal
0.12697841588606204,670.4592093297377,1687.1134781341118,0.0,normal
25.80596433990547,8363.372124638021,40.121419263677595,49.0,attack
3.61982275932282,622.3855918542594,1994.8971998045336,0.0,normal
3.6987752671703986,445.2592477233127,1481.8354015809186,0.0,normal
1.347886048025651,500.31477269063265,1505.7354960670498,0.0,normal
0.5262351235659097,422.09072606232996,1497.9601835224862,0.0,normal
1.5853289441321103,458.05652473414494,2383.6536813012435,0.0,normal
4.519506964070835,513.3958380580235,2783.427353606893,0.0,normal
4.2153203840469295,738.8371992870439,2322.1552500541,0.0,normal
1.6761829493317886,699.1370418416905,2262.968640127325,0.0,normal
3.568391976425867,582.7236107657423,1147.6121278859778,0.0,normal
2.556250658666074,445.63931039069473,2852.681178256542,0.0,normal
38.261185292127635,10401.597863126059,80.4068695415944,9.0,attack
0.5987341158399784,495.5106969877463,1752.9049884665437,0.0,normal
0.20693464419989857,369.84120171966686,2628.8065562883257,0.0,normal
2.3467627435212646,602.305655525224,1295.392100987743,0.0,normal
3.8251165134594647,513.9887232839127,1422.2741030911702,0.0,normal
4.412768015815277,473.47624595297975,2554.2223008614465,0.0,normal
38.95981536578952,9635.887837048289,49.218909898872106,17.0,attack
11.161596088368775,9047.374051899813,56.74248308424765,31.0,attack
36.823202033077415,8607.076381216426,50.923814589989696,6.0,attack
2.526366859545224,543.731318703896,1260.4019908211167,0.0,normal
0.13755375998120412,389.18875417411306,2114.962172708969,0.0,normal
45.051865619659395,5939.1526413683505,52.31541068813806,49.0,attack
2.298192091677259,560.9526045208602,1201.1901354157717,0.0,normal
33.13893004007543,8085.003927582711,48.47270055019844,33.0,attack
26.764203451468266,1152.448818237639,29.055624732850973,16.0,attack
0.6053069572960698,488.68719474842595,1566.012288735834,0.0,normal
3.4178911347015464,437.54895449114224,2285.61210511812,0.0,normal
3.135980978999365,519.0916524143711,2138.991220109461,0.0,normal
35.46177954306897,13630.179996146668,55.34703949636198,9.0,attack
0.881768932554623,605.3891552295884,1326.1453848452984,0.0,normal
4.843574269108594,490.32398968131105,2323.3719677093222,0.0,normal
3.342710889111029,587.2817083178335,1933.1861351366144,0.0,normal
3.4326897816254722,325.4292567140348,3349.1644179685436,0.0,normal
0.17052809428580376,467.2982682390229,1867.8220833982666,0.0,normal
3.5429054881190303,565.5892137787582,2011.5521730003654,0.0,normal
2.300289962857617,498.77015506919423,2140.445563300586,0.0,normal
4.720257549171344,627.6965386088187,1687.041991157699,0.0,normal
1.9890083332109196,612.4932545303241,2051.5589628586026,0.0,normal
4.6616486079841915,448.76257593233066,1916.5926296508035,0.0,normal
2.536156343641294,568.6353555014533,745.5214107524621,0.0,normal
0.26501437898487373,324.9024425594772,2034.5425963621356,0.0,normal
41.20907666471579,9963.721507671695,54.513228247434114,38.0,attack
4.271982292950969,498.59010340933287,1675.5007397634213,0.0,normal
44.6938201880845,10852.214993606814,52.87919621246,38.0,attack
2.099943285246821,439.5093236071825,2810.936873892526,0.0,normal
29.826453761403535,4148.0820094783,64.63435654260995,8.0,attack
3.955826592650946,653.4482101794515,2011.1752774831828,0.0,normal
18.010646188719846,11007.64802891251,50.19218852217271,40.0,attack
4.12387158449611,261.56932112142545,1253.948991427318,0.0,normal
4.049034460576344,381.36635728901456,1696.9580838901707,0.0,normal
0.8683822560523479,363.5894006181642,1698.3515756109225,0.0,normal
0.8373141279293876,436.67272952897275,2657.9109200081116,0.0,normal
1.3711748238133334,518.9328307292374,2582.205870267635,0.0,normal
2.423649661621573,441.509234658223,2069.9910481606767,0.0,normal
0.6690809049825756,616.7509822986447,2574.7436820051844,0.0,normal
2.934095893331405,459.31147554956254,1812.2455096802503,0.0,normal
3.892010313077767,442.9685932213534,2053.8800277262717,0.0,normal
3.8592226157625222,504.5491476330752,1746.6825831060403,0.0,normal
1.4757845759601935,697.2542176789808,2022.0312837032998,0.0,normal
1.0706784005227268,408.2023895389264,1955.398351154166,0.0,normal
2.036260957614295,617.9942130038464,2036.6097251562326,0.0,normal
3.068318322318183,574.698084010471,2695.321797974979,0.0,normal
0.4475678590554898,618.398744319689,1945.736078717576,0.0,normal
38.06397399598388,9270.777835139052,61.63282132794208,13.0,attack
1.638002574923634,289.01617593743583,1962.7036614959618,0.0,normal
3.21617806510227,210.0486120131518,3161.304612631383,0.0,normal
1.1285374061683704,502.2630852676869,1855.9686008243607,0.0,normal
4.9339247190856,381.59694417774404,2117.129632228383,0.0,normal
37.969709409818954,11546.391925633472,21.798311777593092,25.0,attack
4.4722822408842955,358.8943168933918,2084.987269874635,0.0,normal
39.364279235245064,16103.575977477207,44.435342221500235,16.0,attack
0.19404215643297779,564.4518491645291,1788.0832308967583,0.0,normal
2.9149182545815684,315.62064165192544,2642.7911171808396,0.0,normal
3.2563311852319883,476.17663249443825,2251.616192266248,0.0,normal
4.069555633927986,610.1322957735762,1221.5244566467609,0.0,normal
4.871622025450033,519.3448574991796,1649.375227797962,0.0,normal
13.025787226293986,11176.585842423186,51.85396656467761,37.0,attack
2.0542316263948126,452.8684278848882,2831.9931399040497,0.0,normal
1.2639662412842048,338.32866250519857,2123.453031708306,0.0,normal
0.3772697151189066,327.081711049658,2368.3816725839483,0.0,normal
1.8730801567051798,493.99624583114354,1947.9953861376525,0.0,normal
0.27106660801549665,683.3896546024375,1967.8981025236433,0.0,normal
4.595680631346752,625.761905635936,1641.0733928229822,0.0,normal
1.7749050233195924,436.7119725115208,2045.1548996032175,0.0,normal
26.796301907938705,8380.095746497114,65.4639868718983,17.0,attack
1.8042651187207461,420.74765528847877,2516.328758311006,0.0,normal
3.7835602627396185,466.7420620150125,2306.085809309292,0.0,normal
4.292910859803943,553.4364898636384,1206.4059651607731,0.0,normal
0.6627004412220974,629.6063061781397,2180.113018538714,0.0,normal
4.707128182982292,420.4442932059118,2891.4528000325718,0.0,normal
2.34880853132442,518.5837628902754,1968.9556508928563,0.0,normal
23.68380023037703,12689.879849132445,52.174390807258426,7.0,attack
4.725890764464405,345.71967817571004,1728.2897851117416,0.0,normal
0.9453669970371742,509.4527567588468,923.205943527724,0.0,normal
3.358679705276652,523.1842092134848,2207.3922310396206,0.0,normal
3.2910415875033117,489.4181242502302,2792.2471875785295,0.0,normal
0.22421864273574182,490.86004424908856,2474.0714752360245,0.0,normal
3.4934089145318294,535.9738975126788,2141.9555293681906,0.0,normal
0.14343009705599763,625.5145788374904,1058.5082766641367,0.0,normal
3.5125060544769258,418.5989330708444,1960.7058035428215,0.0,normal
2.75435358080902,545.8994001674291,1837.9115694796794,0.0,normal
1.4112041159670605,377.2320035543943,1500.5895653329753,0.0,normal
3.4301396304020284,516.6655817359843,1882.7104851904062,0.0,normal
4.037657323663523,422.4125176833516,1768.631676001831,0.0,normal
4.017137806947998,448.5217325085258,2131.877792411288,0.0,normal
4.083214944737381,627.5390737999015,1883.051099773203,0.0,normal
2.716440615484043,550.458181447739,2923.9334978510515,0.0,normal
2.6857354345228694,476.4030012789028,2482.663333580563,0.0,normal
41.168125470604316,8634.339281403738,49.73253698827075,44.0,attack
34.33236112414238,12109.844107167288,66.8288838894783,40.0,attack
21.92571884592561,10002.696813144394,52.452769322176074,40.0,attack
1.375405602073415,300.111109313875,2304.6194154448767,0.0,normal
4.239869604000622,359.71338427921455,1242.7132454707216,0.0,normal
4.647609837597644,571.1410579465495,2583.6088666521864,0.0,normal
2.3441792191175006,639.2455941483067,1878.7084818551032,0.0,normal
0.5793873871899072,495.19114926692276,3062.2781149145067,0.0,normal
3.142486037060638,504.7493468251643,1721.6410510714186,0.0,normal
23.297908729905533,20958.191275274934,49.45253604323784,43.0,attack
0.8345953940089915,576.0846654311478,2680.0840654140065,0.0,normal
26.460464115968417,12918.55709911975,27.474664852163507,8.0,attack
37.08760375907141,17949.477974053472,42.53436647730089,29.0,attack
2.166958074840274,481.66992904738026,2135.8417922500153,0.0,normal
4.754019575130428,573.1380252574993,1485.1518801834698,0.0,normal
4.370156891919817,572.1135362545582,1887.096625461979,0.0,normal
3.6902253478923743,533.7482074726399,1669.4314439045138,0.0,normal
3.5983678992822905,520.228040762122,1421.501772167818,0.0,normal
2.27256207045802,380.95922643255096,2140.1179730012473,0.0,normal
3.5140121102843387,483.9639918955169,1844.531241824453,0.0,normal
2.12182661686599,496.41744212935373,2839.8736911107644,0.0,normal
4.308202178723958,612.4776719985813,1634.5934371956234,0.0,normal
3.2444985467629355,425.1200203979946,3457.0546078841808,0.0,normal
3.218366713898695,513.4166415995844,1918.968948981588,0.0,normal
38.859083309360685,7219.177152890002,34.9250108339825,6.0,attack
4.8070721800146785,549.288397185187,1903.5093161196553,0.0,normal
4.293112568638353,474.5053029596411,1845.1445940967137,0.0,normal
1.477143775817757,510.9082970349832,1874.5831640943845,0.0,normal
3.491160870419408,536.4561477355458,2001.7913009163917,0.0,normal
2.92682903466916,342.3003517809003,2641.39748441949,0.0,normal
3.096125753629775,416.57181899653756,2488.936136105569,0.0,normal
4.548704089520135,705.3818690086596,2212.9554835507056,0.0,normal
3.142549980644313,554.0287944035696,1450.906808110925,0.0,normal
3.259679759709338,516.0589433171759,2261.260383221195,0.0,normal
2.1109444522493415,603.6087651046256,2320.9735647218504,0.0,normal
17.46735703657267,6016.9371518601065,45.10533004658009,45.0,attack
2.4567671604420065,732.4673305852818,1797.9523440838002,0.0,normal
44.75403007204656,4925.417146004582,59.01764687940284,6.0,attack
3.122941900041137,669.9435983008709,2028.255324232778,0.0,normal
1.9391165488060493,656.8182429527326,1985.5916992056884,0.0,normal
0.57301890395766,441.35848511112266,1998.8809417629095,0.0,normal
2.4513905394891538,685.6647436561955,2742.7386846362747,0.0,normal
30.88380947659156,12803.806340027866,37.77637192995746,11.0,attack
39.35455935975928,7267.258518817624,59.276455318033,14.0,attack
4.539943910449235,494.7494931461348,2193.8399395164233,0.0,normal
0.14787715235399995,522.3153054747697,2699.7089633269416,0.0,normal
3.569555631200623,515.8053489920131,1943.093730793121,0.0,normal
1.557987411462221,718.5094895036112,2016.5116535965167,0.0,normal
14.732962920125527,14335.784445500933,44.13077394554905,8.0,attack
18.6862133396426,14373.698107901286,41.409226836347436,15.0,attack
1.2854652335460952,461.6125258669217,1941.009452696311,0.0,normal
2.3965964829953545,622.9214784297051,2771.138313830651,0.0,normal
4.20676491927574,474.6323922457619,2568.8883903343312,0.0,normal
4.430550836320786,599.7632076920245,1740.681001257712,0.0,normal
0.5182133735853549,363.31416367191736,2638.928327515257,0.0,normal
0.14889600562640193,453.34259287972236,1374.8919870525995,0.0,normal
0.4118404555045475,414.8460020220681,2311.7628994129295,0.0,normal
4.322749542966235,421.88436218688855,1429.0290904193444,0.0,normal
3.3275987949328307,622.0821298813048,2872.4307033117466,0.0,normal
3.853968070698373,561.279074158329,1255.357867779891,0.0,normal
1.7377677616106981,506.8072269248621,1750.064482747484,0.0,normal
1.1039182433384918,680.7608507769263,1973.6224459996172,0.0,normal
0.4537722039979617,419.4828248257124,2267.7293737048167,0.0,normal
47.65644725674005,13349.422451078706,48.438060999028046,25.0,attack
4.089215859396693,569.0910957392193,1589.1595868474888,0.0,normal
1.449367753851551,521.0496298921504,1701.5139860494423,0.0,normal
4.399558226888864,489.8719281298467,2189.0231302139414,0.0,normal
2.303725228007646,579.4600382945212,2469.484734352396,0.0,normal
1.2639622921270006,576.3860351633423,2105.9395894144423,0.0,normal
17.801209271566172,1579.9799110191761,47.820490937564614,10.0,attack
2.6856195844863056,674.094148659699,2179.4240363394592,0.0,normal
3.5523166973344824,686.746200416135,2027.585318935732,0.0,normal
4.03939668700735,402.35999513362026,2576.174319480963,0.0,normal
0.5538648669516993,399.65610965004964,1782.1445838076315,0.0,normal
49.455943059412,11063.630605958924,47.462902649336016,7.0,attack
4.683874116284729,518.6990209724664,1574.6086256859232,0.0,normal
29.84119577014177,102.02862073735923,63.71098813911922,23.0,attack
1.0536567998538726,522.058353773736,2762.319298241378,0.0,normal
1.4299059641889005,480.4214729031419,1771.157719160461,0.0,normal
1.6454937891652626,612.237421870316,1506.6704861379449,0.0,normal
4.793877193178175,508.19888138247194,2523.4772672141044,0.0,normal
1.608199575235654,383.05193707969835,2390.5876681437994,0.0,normal
45.11766255998425,10848.465789856418,67.44495549359888,21.0,attack
0.7707395873371556,493.7360422672765,1421.292104892283,0.0,normal
4.957506717664681,545.0962634776477,1931.788924861192,0.0,normal
0.7023113244803991,437.1856260830822,2461.522413613381,0.0,normal
3.1057344600853707,485.7853463059454,1997.9635814392825,0.0,normal
1.7108828904087905,552.1279905013814,1929.7232572487842,0.0,normal
0.8428158665204869,463.6868353182922,1664.492577168773,0.0,normal
0.4457868622621063,671.2040284017893,2108.6039687642005,0.0,normal
3.560606196520785,540.9064938334058,2649.346645496712,0.0,normal
3.168548174963213,244.64504039441016,2203.4238175698915,0.0,normal
1.2077874479517574,539.5598834762942,2735.3309953261446,0.0,normal
1.8582693722051624,420.0059493298066,1402.906674294078,0.0,normal
3.3249831390581104,531.0472754180752,2108.3598210614414,0.0,normal
0.8921900375611134,512.5901388394959,2250.5646380322883,0.0,normal
33.19330965067455,6139.255181440287,42.750858462345036,5.0,attack
0.28133741010591384,458.33746943845375,2341.1693910298295,0.0,normal
2.0495419447853935,369.5183109567051,2254.0061455273,0.0,normal
2.767996580008163,581.3980860197742,2808.522462260841,0.0,normal
0.1559481189249608,385.28404889882887,1762.2327766323226,0.0,normal
3.2555977618711776,586.2223511886978,1792.5418609398364,0.0,normal
3.835282860054704,471.20939231320796,1455.6825784704806,0.0,normal
37.6976141007252,12145.197837837743,63.87965583973367,6.0,attack
10.674514803284175,10052.439913369377,51.1263668182564,31.0,attack
2.8959877585302656,298.0072667843864,2290.861682485253,0.0,normal
3.3950564403226418,530.1873380721012,1615.7822415482535,0.0,normal
4.357634423945719,506.78385139169376,1770.4841634105499,0.0,normal
1.2238923074845947,434.70498441679194,1735.1161470384795,0.0,normal
2.051026598595622,664.0614563488288,1747.9356631741682,0.0,normal
4.223093010115323,380.1607875047955,1796.9448214882984,0.0,normal
1.4653676747593962,536.1661061247016,2718.184017121877,0.0,normal
11.698836419536454,13863.641889596965,55.59355409715436,40.0,attack
1.1665702579446269,512.9368006703819,1751.4846546670456,0.0,normal
4.919255216304588,445.2094695793065,1037.0110907774492,0.0,normal
0.4349306815187972,484.2975171555292,1961.038632160742,0.0,normal
2.745789938374742,294.96425427158,2628.098719706841,0.0,normal
1.2337651182465554,406.7628756818013,2216.4864640218175,0.0,normal
2.9538710252155083,290.06437355809743,2800.5371530821963,0.0,normal
1.638436915149029,435.5659732978016,2203.8448684185887,0.0,normal
34.10531685142539,1949.8916354550174,53.47389841708555,38.0,attack
2.724213692910396,483.49194349969537,1515.9357010738368,0.0,normal
1.3730375472143832,384.63077186601413,2571.6990535747764,0.0,normal
1.169216919305644,620.1931669539543,1376.7190169202868,0.0,normal
1.2205162200576831,548.6309993350221,1120.0205589253749,0.0,normal
1.08257116083165,520.0459631413729,1710.893950890123,0.0,normal
1.0081178796907009,580.3154742614022,2350.911520271672,0.0,normal
3.690727569354628,573.1000626785482,2244.5891753188967,0.0,normal
3.1960023396320167,532.0785725932684,1679.9227715826942,0.0,normal
3.601520021230306,638.6349397262843,1823.367932280921,0.0,normal
4.421446015692755,378.3103289659833,2214.1764568857243,0.0,normal
0.6816745679946462,316.1481376727929,1677.5357698388511,0.0,normal
4.097582312454027,387.8756259905608,1624.6398327535935,0.0,normal
2.316953629050198,422.5385029981418,2290.2838435178073,0.0,normal
0.8606772050604913,432.13569387058965,430.7426668829801,0.0,normal
11.306201383768105,6892.029774146579,35.26793370124733,33.0,attack
4.749539132541333,571.2322159580162,2016.7217339865754,0.0,normal
37.608431067978714,9724.492751338395,55.79577847113847,18.0,attack
1.4266488984034136,580.212845861812,2041.45592658602,0.0,normal
2.7230196441176995,526.7843637866333,2282.3881321570752,0.0,normal
3.1183287062748777,378.34191958642907,1127.7335556969729,0.0,normal
3.105715807132468,502.5210867540082,1647.4447399170197,0.0,normal
0.4986090251453089,600.713333647316,1473.7264040649447,0.0,normal
1.960492800019608,529.7244273380124,2462.8383788569345,0.0,normal
1.171706503689844,501.95996165776285,2565.2633097686557,0.0,normal
1.632612147130735,515.8756050937543,1443.4679494064112,0.0,normal
33.201742211923936,8043.500550508112,40.701520516073494,38.0,attack
1.7689604162483294,497.0783594146015,1712.6990709083045,0.0,normal
4.366691906652569,433.2810915222495,1830.2349216670068,0.0,normal
1.2852771411531572,413.92708366046617,1739.5535480481183,0.0,normal
4.81756491624071,342.8847648882117,1778.285290882482,0.0,normal
1.0566906402104181,492.6027136405622,1346.1117174261697,0.0,normal
2.573498431692188,477.98862687451714,2558.966911363576,0.0,normal
37.912187939776345,6399.230114892167,54.18215078266197,31.0,attack
4.68744000659408,566.2051834758473,2794.761518051931,0.0,normal
0.671257065322914,386.8932764497412,1748.5451749809904,0.0,normal
47.29801684322573,13409.966496270728,45.15044455122385,10.0,attack
47.24089116283976,11782.38552334746,58.65872588584343,10.0,attack
0.8899721786781005,571.4745649888945,2555.376586207321,0.0,normal
2.907906783033177,461.5612623407079,1851.0253175933885,0.0,normal
1.32277637926258,292.5359962453632,1948.9968599363692,0.0,normal
3.414692892409175,360.80416190482686,1421.7223914663318,0.0,normal
1.991902925223794,662.9166364900946,2225.6130080680496,0.0,normal
1.5372121928247673,430.2281096101755,2058.2540262379352,0.0,normal
16.724101992207203,15285.295056782885,53.524229143843144,8.0,attack
3.231687695295952,602.1515392781864,2932.024265205879,0.0,normal
4.8509646760463365,590.0398588395063,1364.8189768374568,0.0,normal
0.4775855677582227,387.8248897144112,1385.236874391307,0.0,normal
4.815991745216345,384.6649489404041,1642.2435072573858,0.0,normal
1.110635357797148,431.9826523652049,1902.66815248766,0.0,normal
4.027084303492473,592.8090610991081,1655.361688423806,0.0,normal
2.00846128502186,538.2653551477491,2568.227787162423,0.0,normal
17.76931718782327,12511.17360175987,50.328358091013065,40.0,attack
2.8294985150476726,342.85800016617,1943.0876138462615,0.0,normal
3.300497673603287,329.80977699816646,2698.380088699246,0.0,normal
4.757975019994025,470.251779912615,1457.1261446092253,0.0,normal
12.702193738227482,8057.943795056124,65.85679173100759,15.0,attack
40.968622326654355,8446.853800815597,74.71933772431858,12.0,attack
2.996538485966731,586.254348461517,1847.8275644730243,0.0,normal
3.2098892389443137,661.8787639660868,2098.8377834771227,0.0,normal
4.215027872655691,464.2172066558733,2497.189365496023,0.0,normal
4.908355743436509,304.4951229681717,1966.9438030239965,0.0,normal
0.39928200328883245,322.89314469119086,2407.8772433260347,0.0,normal
1.1442130497229084,551.4883596076372,2197.9571104790225,0.0,normal
0.6654337466766952,518.1989882622797,2096.8308822583995,0.0,normal
0.6484061350488666,501.41492649657584,1138.8715330212403,0.0,normal
3.3763517776297123,429.0211007766465,1776.0611775340208,0.0,normal
4.741091168211215,693.3359747714358,1993.8170308788178,0.0,normal
1.4842307232669762,607.1515935581039,2122.7493408971563,0.0,normal
3.9250954153852304,507.2153236821761,1943.17157875048,0.0,normal
4.521823863101907,392.53389605671373,1895.5410213145642,0.0,normal
32.47191410648552,3978.3508641051976,50.21665411703564,32.0,attack
14.413390953008118,9955.645338552133,47.045191860992176,31.0,attack
4.774250027312678,459.56025768160384,2682.763231263133,0.0,normal
2.7255556539180983,469.4389385846197,2112.6283409917996,0.0,normal
26.379851133822072,16370.317917580745,56.53892610271024,42.0,attack
3.0875173832478184,343.18556865799496,2607.4720534274848,0.0,normal
0.8771650159360612,459.06915259042785,2431.961774981223,0.0,normal
0.8553107115745868,472.33282282808545,1981.2182453169044,0.0,normal
3.1614409276680724,353.43261426579045,2093.970888216378,0.0,normal
3.3953404347774887,416.8045082505549,923.5432421212422,0.0,normal
2.041585892623028,494.01738564700963,892.088787489666,0.0,normal
10.843226417141478,11547.778233835757,33.95195689101937,26.0,attack
34.70962002499992,11456.87228119292,65.16347465799197,10.0,attack
3.2848232608110495,588.9037122279892,2146.974693971581,0.0,normal
0.7027161461063537,414.3651481718796,1538.824335469041,0.0,normal
22.47886169729683,2465.3885043099326,61.568039489134726,12.0,attack
38.19587635819184,14746.315871411545,53.31963928566554,34.0,attack
3.4246498446339255,589.8511704551564,1733.0776780925407,0.0,normal
2.487600235090249,413.6020150923922,2465.2666596622958,0.0,normal
24.551442063962284,10456.359490837865,27.800109124436236,42.0,attack
4.395588732958183,528.9183673118725,2362.414686742916,0.0,normal
0.6760013707360779,627.4428426687581,1717.3250237494528,0.0,normal
4.499804016092562,558.1781770628363,2356.25222104608,0.0,normal
4.270913878838966,620.6608154863915,2441.19854489499,0.0,normal
4.612154454296865,488.47757674478027,3026.0366557109674,0.0,normal
3.2135303486233586,444.489077207165,2429.7071273797264,0.0,normal
0.6806628556309426,553.7768190368483,2716.812509910473,0.0,normal
1.2233318366399435,506.0085994615164,1905.1532532737963,0.0,normal
3.1840533268627866,487.6267319900243,2717.7854965818115,0.0,normal
46.088811461614966,13220.324614786114,34.97734747659719,9.0,attack
20.947820638653955,3375.8347214868263,46.01407961086241,30.0,attack
4.953475195803299,388.8419750486449,2369.972025689658,0.0,normal
1.4135118400320938,605.3985771182877,1818.7504985589658,0.0,normal
4.480549579038565,758.7908973530684,2639.2174789828578,0.0,normal
3.867721632327441,425.48322296826495,2307.4806160233875,0.0,normal
2.8327732486252155,565.9531469589139,2063.9636011872894,0.0,normal
4.65991655175519,524.124024840673,1316.9008311655411,0.0,normal
4.852123120884869,489.9524279428295,2040.6385837955343,0.0,normal
4.510091345055715,524.3123458512894,1009.5817645386829,0.0,normal
29.41491580676777,21370.4678457162,49.07400604731607,11.0,attack
20.14199103727637,7494.114315234825,61.738420203667026,37.0,attack
4.819264046786952,587.0746644588403,2103.9302505335404,0.0,normal
1.1505917666665064,481.6471827842847,2195.775587630047,0.0,normal
3.8454260448865063,645.2755545126183,2746.476311376914,0.0,normal
2.741563308406443,534.1215842492034,1447.7740860725019,0.0,normal
2.5341576084099304,549.5805021027571,2760.045870495551,0.0,normal
13.073978474449369,-1071.3409294227567,26.86140504393125,8.0,attack
0.6187841592443336,444.32212271566334,2381.5711503548287,0.0,normal
4.6121252248251245,389.77302595441444,2322.344901642117,0.0,normal
44.90082067384728,7972.483167229561,40.03810754404003,45.0,attack
40.129456572350435,11257.468349709958,65.27981573639511,43.0,attack
23.909591291837028,7932.805988117449,50.17969915016471,45.0,attack
4.210600623585077,629.0644460922547,2566.4023485874036,0.0,normal
4.071711320830981,507.2874098015515,1628.7566111152003,0.0,normal
23.37053499116837,2801.473516909823,53.39528787404216,9.0,attack
2.28890118356675,601.0839735020313,2041.4324209344982,0.0,normal
19.567071794295046,18344.040406503525,41.82418413222309,37.0,attack
0.7848846454688185,493.59222358512835,2070.7978933699414,0.0,normal
3.283201205331352,472.0189657622994,2232.1256190615018,0.0,normal
4.39182710923358,585.440200112072,1452.0804184980211,0.0,normal
4.832528589650778,513.0690024464383,1198.391576692952,0.0,normal
0.7257960698126507,473.7253252313496,2200.0848026002486,0.0,normal
4.645986187656543,471.3205764261731,2859.1819978819376,0.0,normal
4.034826899380051,420.38631968135047,1439.4329936210388,0.0,normal
1.4408380475177813,303.6710852161026,1877.4137890743073,0.0,normal
4.382951689195407,500.87884426320716,1184.4661874025105,0.0,normal
0.8843510112774077,482.9614234611804,2201.649802083412,0.0,normal
1.0422161921624868,510.34381293081066,1521.9707241583028,0.0,normal
3.892557752948537,277.64258320628034,1571.1334116974904,0.0,normal
0.3505633690662936,542.8342050660725,2597.5887057557084,0.0,normal
0.9277818090536063,527.7358461964676,1296.3532782537986,0.0,normal
4.726905796655826,415.3640280113027,1999.0856205779498,0.0,normal
4.804664461586691,710.5297429458312,1607.839514849872,0.0,normal
3.3712075892615654,583.7764221546589,2573.243579366519,0.0,normal
0.5992761942773903,279.47056272440943,1324.1462339876766,0.0,normal
37.76079783298262,17690.081409308168,60.40642442799668,36.0,attack
0.15538242928621013,452.2160149296209,2328.6605475597694,0.0,normal
4.70824706332928,727.1449745422797,2190.6764172901426,0.0,normal
49.63669899178049,9172.879739090533,42.756148348778304,43.0,attack
10.675734202860738,4439.0684936072075,48.55314239257657,44.0,attack
2.4107233238957764,360.97780748465374,2763.4063317886325,0.0,normal
23.618027821744228,7242.421349485097,51.668160595182776,44.0,attack
11.609790824770027,18356.312301518174,36.58869967344289,41.0,attack
2.432488833906956,449.87658922097876,2321.427746981474,0.0,normal
21.611899321761374,14291.866159860636,59.08763478124359,11.0,attack
2.6264205400383265,392.0157552218513,1895.3121933440434,0.0,normal
4.326938308630977,462.82209884765115,1924.9260839912806,0.0,normal
4.852558275593772,458.4033072052641,2019.2775843921588,0.0,normal
3.4929371414894117,413.17390384016676,1022.7034977583622,0.0,normal
4.381123107985091,572.8518643514536,1490.0993331527031,0.0,normal
44.64755661062323,17400.915384409323,49.53250546097298,38.0,attack
47.56325219548081,16527.91357905262,70.69947739069679,9.0,attack
30.04961909701413,11092.844444368578,50.69003500737061,44.0,attack
2.171370320780268,383.79341797437166,1999.6957588388552,0.0,normal
2.2184405251087496,515.7127918990941,2050.8941668536636,0.0,normal
24.325874656067725,14047.709441264702,54.56498035250646,13.0,attack
4.077671961641674,488.51977512409366,1922.6751467195832,0.0,normal
1.6016709934098197,674.4583870075248,2747.0709486334126,0.0,normal
39.22240323589861,13768.221408167317,57.33348007178181,22.0,attack
49.26165572177251,7825.896935669429,43.40940309485459,45.0,attack
1.116950587407947,657.2398210270327,1758.5611403544326,0.0,normal
4.721071604949067,320.4356827369985,2249.3449560677723,0.0,normal
3.8328111377507166,482.38875660401374,2561.713643547881,0.0,normal
4.675987585886734,682.0543907941816,1506.5286317492216,0.0,normal
0.4928820690013269,570.3142542220004,1866.1172406375777,0.0,normal
2.324550564878525,399.8685345802033,2839.089961062435,0.0,normal
0.6413231543438338,551.9902139528753,1760.140551616932,0.0,normal
30.666176029144108,7826.325159379044,34.939170895979316,25.0,attack
2.1245453343178258,613.7381097628914,2062.188061150465,0.0,normal
1.515536200654912,530.6389482073414,2095.725357978676,0.0,normal
3.7866351942446324,436.1717273471506,1984.6067487932924,0.0,normal
1.5860482230812183,599.3782214530439,921.7773114974837,0.0,normal
0.24293184186179592,504.0924748728923,1112.0088765190535,0.0,normal
26.593918792392923,7003.486056881373,49.29366020348026,42.0,attack
2.4903881608656615,546.0824865403865,1240.7921505856589,0.0,normal
0.10976146257344432,609.8484876051818,2287.678362260063,0.0,normal
2.345439163408432,550.2744807490815,2492.699855725025,0.0,normal
2.149835934101173,627.8575167939374,3058.4015274819267,0.0,normal
4.907843392904168,367.91216446226827,1716.2763593858242,0.0,normal
45.931188301751796,11733.620081209752,73.98449285588069,32.0,attack
2.743507332639153,199.23676603062427,3103.234489942336,0.0,normal
0.2246940235381793,354.90721088887756,3004.2365054908496,0.0,normal
3.0928223482712647,531.9965191145163,1809.1844522933943,0.0,normal
20.314800141920344,2945.988574545204,38.508203977832196,32.0,attack
3.8695939788425653,460.8123234613134,1941.7143267733356,0.0,normal
4.255735251576588,684.6395920599248,1331.5110209297227,0.0,normal
4.509183393867635,680.1430099266488,1811.2344257200875,0.0,normal
0.15039403008489094,447.3444866863298,1644.3400447267159,0.0,normal
1.0071513513092363,435.01731145025633,2217.973814857736,0.0,normal
1.1409916582578177,453.3811388053777,2274.3502381974504,0.0,normal
2.2874556303677527,394.4360510201404,1600.896961820923,0.0,normal
24.203790654527594,19071.264138501374,49.70492401380929,47.0,attack
22.266745212524658,4785.358690956312,54.379522629797556,24.0,attack
0.2933517111654067,490.24746162543767,1660.0470516265843,0.0,normal
2.05527305644793,443.03010370742686,1720.9333701712746,0.0,normal
0.9502701234338925,453.15038866396844,1727.0190364425362,0.0,normal
45.10182170237892,15800.412561993066,69.00831815065744,37.0,attack
1.1370159029923201,371.0519412790312,2594.4031205965784,0.0,normal
0.864373149647393,430.5399630836855,1330.2553167356705,0.0,normal
1.234228547449961,631.4074981524604,2016.4316869901065,0.0,normal
3.0706393949797897,282.178868026857,1828.121740244945,0.0,normal
4.541543521387614,530.9894779380635,1450.6603132828077,0.0,normal
1.5069759946144203,453.32411880485597,1782.4306260189828,0.0,normal
3.9581964310864315,418.94713701783735,2007.3470477721835,0.0,normal
4.6976936103975655,443.8662003557794,2222.484157688088,0.0,normal
1.4532308333224075,468.1153644505269,1849.1334730206822,0.0,normal
2.110876322874586,566.5416823691778,1926.4302475929464,0.0,normal
27.34908250584065,8667.263478596264,61.11145215204463,45.0,attack
2.044924053387821,548.0744579767984,1606.7139542210748,0.0,normal
1.347739208342443,531.9524670782955,2430.0913191975783,0.0,normal
2.5150364637924887,792.727009247333,2134.206636847281,0.0,normal
0.24331168686933982,612.7908993253569,2420.3033563916915,0.0,normal
3.638501853733939,586.4824438491012,1951.3444246492045,0.0,normal
4.212758612544412,520.507533923463,2351.6269140479735,0.0,normal
2.430421339927841,578.5185082310376,1410.9101563328616,0.0,normal
2.585450562573123,583.1616786180404,2215.5048460650382,0.0,normal
30.262152635256708,14694.54416019779,61.52213663068669,15.0,attack
3.5447928985863717,392.4687606950762,1790.5182772393828,0.0,normal
27.811790895008418,16352.646120735713,60.7562679401766,17.0,attack
2.324607943860963,569.1618575121388,2258.4126329122255,0.0,normal
19.73409976134395,263.3006366903828,56.12626377337112,41.0,attack
1.4102699365019526,687.9874549421008,2215.181320753249,0.0,normal
4.82398424080153,709.8221474546747,2161.623593766781,0.0,normal
0.7875901391482235,477.1994273190282,1878.8122709474444,0.0,normal
2.5786781954639624,376.3864203969538,1993.987985543406,0.0,normal
2.6268291957128396,472.0492536703467,2133.7376944490306,0.0,normal
2.4234517625278937,581.5501022444263,1741.9416790642827,0.0,normal
0.6860118050976783,522.899639245934,1041.3255569948506,0.0,normal
11.650789894984875,14696.014258310235,54.98914400964414,43.0,attack
0.10663276600579397,536.0368715904862,1840.0463609985432,0.0,normal
3.7763022433003273,390.1083745271806,1128.958771147018,0.0,normal
4.279746331790064,512.6177903661967,2349.732123447851,0.0,normal
1.9950031968726336,365.7872251514885,2150.703534890559,0.0,normal
3.6745903203967445,478.8615770182031,1760.0159269256367,0.0,normal
3.2676478340258597,627.1065326007033,2159.404169814128,0.0,normal
2.5134233655000178,412.33029143807073,1388.1275766718654,0.0,normal
3.2859853527509517,496.36693919576584,1576.2630547174676,0.0,normal
1.4563901081773984,445.8993134217101,2039.7897732782803,0.0,normal
2.808264671020872,689.2191760833068,2017.1023422690378,0.0,normal
4.142742109882304,465.40806709528295,2077.7558018817804,0.0,normal
17.42298410980191,11755.456458383675,34.94720823838559,18.0,attack
1.456456206451753,458.2569618010568,1536.313497152033,0.0,normal
0.717409936533572,404.538189804994,1909.133231192047,0.0,normal
3.594899457392676,314.2098548601713,1264.436797313241,0.0,normal
2.9631401284231913,401.0042207447986,1778.705353612922,0.0,normal
3.6596624040537242,292.5513648983689,2639.1404737297435,0.0,normal
3.511165111175834,514.542721740576,2082.74578206657,0.0,normal
3.4571581183849722,455.519316182951,2811.7646054459033,0.0,normal
1.7950814634801184,478.59323022721384,1313.7951312193466,0.0,normal
2.8422785490858793,364.3064430300425,1602.1724330870961,0.0,normal
2.6277233232904083,644.4412195055088,2584.290182136691,0.0,normal
2.586318499717264,467.3326752490956,1657.5939451305521,0.0,normal
1.379137778550756,426.6517933321721,2491.868021951782,0.0,normal
2.0746028759492914,509.297924652941,1990.4389100731462,0.0,normal
2.5135884466911587,533.1918447707887,1499.8647386116058,0.0,normal
3.2161076014508834,262.15683401266716,1789.434882599458,0.0,normal
12.78367389585236,5265.086171913259,26.951428274037113,43.0,attack
4.146502077767337,515.4493665595251,1587.3540195845678,0.0,normal
0.8667359084176429,378.9839497019115,2666.9990929384626,0.0,normal
2.213045961978634,519.5076925422602,2144.669452821492,0.0,normal
0.675878609207814,619.4762861876937,1343.5157350263635,0.0,normal
2.836180823705445,458.47862320947286,1975.5850820331484,0.0,normal
2.3578159633603564,582.3279915677705,2303.6445075508464,0.0,normal
4.703544813664527,618.3493666889927,3183.7071820135607,0.0,normal
4.492045510753487,520.6361771325451,2233.2222984201308,0.0,normal
2.1316582062624163,547.2630345843405,2357.3658637588496,0.0,normal
0.6907362403780822,525.8769805243921,1875.1722308905403,0.0,normal
0.578593358631281,311.99899660922364,2148.9380955119227,0.0,normal
0.20737531099754392,489.390936465858,3030.21134922235,0.0,normal
29.650705139600028,6145.004935906357,49.18929258991975,48.0,attack
1.5367327813205165,372.9938911287968,1632.5945512329045,0.0,normal
3.444824383994672,536.6746407892257,2325.4828393897205,0.0,normal
3.128963098158784,465.94012930901386,1987.9354447725134,0.0,normal
0.6118271386907418,596.0305168086668,1826.419258790775,0.0,normal
14.572924564765009,6454.855488425139,47.66092014555105,31.0,attack
4.698795939018339,505.3059312932619,526.5478903579929,0.0,normal
1.8378644044269061,469.093376326174,2470.8095067757454,0.0,normal
2.026656485036819,345.2198443690969,1309.115405716148,0.0,normal
0.9748688440662348,529.9647687837348,2472.964792635189,0.0,normal
0.7828447629568382,613.955553602547,2220.176996938957,0.0,normal
15.963589950729911,7535.575438081409,41.33026543567448,40.0,attack
11.313417163355105,16475.742720976716,44.560899464867425,17.0,attack
10.695549717017357,9562.232267732803,50.50913695535473,37.0,attack
33.444813952219874,11920.800889837388,52.3422041359956,48.0,attack
1.921447925371482,378.2596206503048,1647.3416380420758,0.0,normal
2.6380065857916373,461.345838410224,1844.266402550399,0.0,normal
2.25758475000491,459.0198756206467,1674.2787250681595,0.0,normal
3.6039907902901303,329.83341417125837,1073.1338793904383,0.0,normal
4.0666287661519025,348.8116580436787,2687.2424907137797,0.0,normal
26.43372709923639,14493.63387006822,53.497478152479815,36.0,attack
4.126971638268261,669.2346572463205,1435.8292148671085,0.0,normal
2.72687219508619,721.2531039397243,1580.2362209911712,0.0,normal
2.16498029790324,404.9089270312768,1248.4765703212597,0.0,normal
2.4093071202510066,608.4198244043542,2048.3774592194,0.0,normal
2.5618937071152446,271.422275550505,2081.9620317967147,0.0,normal
4.465192121417419,487.348110304605,2049.994081882776,0.0,normal
2.5788545265338834,551.5294321624467,1292.2379665431467,0.0,normal
0.4070006969312372,387.1937445192306,2171.112789712173,0.0,normal
3.390247828469314,541.6801574483114,1361.4577188344406,0.0,normal
3.3054555472229654,521.3808793941064,2195.8490080052366,0.0,normal
45.41131316387602,5806.711812397076,31.37136413548764,27.0,attack
1.459576930652275,603.065980824156,2735.8544491809453,0.0,normal
4.009779382117881,458.75209881120634,1582.0648721908472,0.0,normal
4.778839875249651,463.86894380327095,1720.6020905575213,0.0,normal
2.70159462421926,407.85489765710787,1585.909718063246,0.0,normal
1.6497237336736035,569.7586970339199,1287.6171731392553,0.0,normal
47.290713553526686,5170.145376942318,47.716392073423606,46.0,attack
0.14076771691324086,638.9764133946355,2342.94522821896,0.0,normal
2.7608204613925498,595.2478156952806,3200.791830515176,0.0,normal
28.870686045992944,6089.10273023683,64.84434038440229,35.0,attack
3.255130842351541,528.6774112382586,1950.6395527721636,0.0,normal
3.241623401137957,366.722260252035,3209.3888896567314,0.0,normal
0.42190480887639237,352.1222876153714,2272.2299347637313,0.0,normal
4.585892658181405,499.0711438432184,2800.0489234102392,0.0,normal
0.8291002500850666,444.0453714710531,2187.0310440655217,0.0,normal
16.42061661122765,7380.784148433024,54.345400972542905,41.0,attack
4.329206786790408,518.4710474781083,1533.4469614064453,0.0,normal
3.766943682962125,678.7346414429826,2322.898820801856,0.0,normal
4.220270739187021,622.9990368438683,3120.4632781028963,0.0,normal
4.454429493300453,509.89337870288836,2203.0470094243337,0.0,normal
38.62556944267837,11100.64593743888,50.90041583866958,41.0,attack
3.6573015589279483,455.97407956136,2535.840186945295,0.0,normal
0.990942339314793,368.2868080053415,1915.7901439855593,0.0,normal
1.8184878957133799,314.06632283399426,1510.86717536688,0.0,normal
3.4164243644012386,373.18631950246873,1990.932878245959,0.0,normal
1.3747731757140509,536.7510410540602,2166.9825748380954,0.0,normal
22.17773795961496,8314.868126593117,55.3108513097595,42.0,attack
4.71934916356115,360.09215718155247,1818.412220633592,0.0,normal
4.844147796782137,409.932861748752,2462.640946358416,0.0,normal
1.3723871108570287,549.8883194768213,1625.9545085756686,0.0,normal
12.445847241907448,18561.523437187996,54.551756698688244,9.0,attack
27.26607050375844,10917.271132361164,50.39906694519761,8.0,attack
4.828631862265912,619.1899334413573,1822.896805745606,0.0,normal
0.9486891625590744,618.0640912452145,2862.8468964073854,0.0,normal
1.3299067779852713,583.7154486331384,1614.4789214293978,0.0,normal
3.6606878611445843,390.3779675131435,1705.0423018750334,0.0,normal
4.852406250867431,436.7244970114961,2197.478985161654,0.0,normal
0.7864116746589678,439.26455667877883,1785.840871101122,0.0,normal
48.082336731888425,6702.522815807861,34.554002730943765,44.0,attack
2.0201109286213277,371.56129639274855,2636.2141914082977,0.0,normal
2.930395596287671,616.4060152585937,2246.597844244939,0.0,normal
2.724717336803135,238.186680130772,2513.859374389767,0.0,normal
0.4057309361315584,478.5045161921049,2457.433899048925,0.0,normal
1.104423047537523,519.4842340270138,1755.4219124078918,0.0,normal
2.601119196120738,504.6006386736341,2194.212306838753,0.0,normal
0.6631716855918774,615.0267395898296,1786.7143735847133,0.0,normal
1.9020208192987194,331.14948119315,2265.1714508352898,0.0,normal
45.72826354203367,18382.117089220366,60.19928605427755,48.0,attack
3.0980791841396598,597.5312458477979,1792.6847455929847,0.0,normal
0.9848191911239343,482.46215441013095,1764.6224504376091,0.0,normal
1.8918356664807197,503.75418414868216,2806.4341853535643,0.0,normal
1.9845942722959644,596.234516926657,2389.387153988891,0.0,normal
3.923843005497804,259.63313988994696,2022.980468024467,0.0,normal
4.71429073462435,377.38206421873167,2691.5678233890762,0.0,normal
2.1960883553057258,550.4483256383016,1710.5078900300477,0.0,normal
4.012063668539928,464.6314240432994,2509.268713825197,0.0,normal
4.056456760303907,507.9597862376036,1958.7037123243547,0.0,normal
0.697241857351043,552.6897923665794,1940.220621686802,0.0,normal
1.6996604103955604,555.1885971822154,1881.7313083157323,0.0,normal
0.509153511823477,608.1984809249942,1681.2562825874943,0.0,normal
2.566744627188799,402.46339727217503,3299.411450037291,0.0,normal
2.752897276003168,540.9438530642252,1513.5860537085214,0.0,normal
4.977643829337419,460.2676747448638,1803.3244375885636,0.0,normal
0.4580996539323735,553.0894314215949,2127.0638435357178,0.0,normal
2.7832026431533077,532.3185482458206,1962.1644636714682,0.0,normal
3.5159654488698657,608.953658307664,2186.8267028105743,0.0,normal
32.42034936311892,9499.86070529332,47.738247123192394,48.0,attack
0.25400300986499785,618.6734620177331,1707.7995117019846,0.0,normal
4.693201525835883,340.0605237805689,2440.529446028717,0.0,normal
49.37525250474413,17147.598292629962,69.43584087377563,12.0,attack
4.126020798781311,555.3569531067793,1115.7922871809637,0.0,normal
16.064425517219043,2999.7173141831,50.46681734161961,28.0,attack
0.920049457960227,719.6646054978954,1659.92381712409,0.0,normal
15.274079585735878,9777.16550287259,57.38566039202061,42.0,attack
37.81317625810268,4574.131608321277,45.878388549517865,11.0,attack
44.80191986425567,8338.636493749558,43.380648200825725,46.0,attack
4.305874216315693,350.25533313942515,1249.5989923689126,0.0,normal
0.15956818023919536,438.8240360495415,2250.545004654386,0.0,normal
41.57518533847698,5398.206918465374,64.40110120069174,43.0,attack
4.074506472674008,482.38664964490215,2318.2766034366323,0.0,normal
20.0805893471621,17560.339745707264,48.7284397054327,9.0,attack
32.61613567802017,1224.4898436441927,49.64683140405104,9.0,attack
3.7018481146390405,587.9417041137403,2397.4615569377793,0.0,normal
0.8873387289718229,617.171791471616,2582.797447572064,0.0,normal
4.876486494519237,441.0667768572638,1943.420752771958,0.0,normal
2.1782402893816917,504.9308331520223,1609.9280593061142,0.0,normal
10.179267733021153,11140.936444804776,56.371190404112276,23.0,attack
3.9474287614272017,347.97132077593903,1891.7906441808143,0.0,normal
23.81785543222054,4688.798413283579,43.389781184572875,33.0,attack
2.8753827374547964,411.924591039727,2439.507077278504,0.0,normal
4.558721404886521,431.5508269387203,2535.73796512728,0.0,normal
38.668544384077066,8815.73975438911,71.10342652096378,24.0,attack
2.708861343148564,458.5373099428137,2315.6121784858915,0.0,normal
27.01421097314735,13275.39008815263,61.96763224980438,25.0,attack
1.753525966924722,558.9639231357401,1653.1166962516247,0.0,normal
3.68790194340685,547.9827035366833,2438.913015619563,0.0,normal
2.868607765009179,431.32846569967046,2673.470622194498,0.0,normal
1.3337332495442846,613.7314542364729,2560.7496059249643,0.0,normal
35.80330767867145,19611.122801347265,74.40923965456534,40.0,attack
22.025277143267022,6018.549055039548,57.00221911282289,31.0,attack
42.75331596856471,15193.635297210914,64.0943442405091,46.0,attack
2.1027974383806725,358.37729442073544,2750.976482594298,0.0,normal
4.522021205700624,619.553138808671,2103.771147444371,0.0,normal
4.307944968812413,639.025532751199,1527.5456386574665,0.0,normal
1.358205181830489,430.0504779832357,2415.605551599878,0.0,normal
2.327251217362089,450.30679748820216,965.8121422844838,0.0,normal
3.315193004637251,539.8147265122537,2332.938911853195,0.0,normal
3.108274565324303,604.0061819902576,1926.4036246159942,0.0,normal
4.441290966357317,401.446039927907,1729.8118305064727,0.0,normal
3.3922744436337697,431.1114457424594,3127.0190544605593,0.0,normal
4.743671327225907,396.38564280248033,2338.984985448264,0.0,normal
1.9021513400051495,518.4309064078103,3082.760726103278,0.0,normal
33.747002975916075,6333.04314542941,46.32977581368373,31.0,attack
3.808082377874312,560.0212965744278,1115.9716404128014,0.0,normal
4.937653033643228,507.31969910016943,1892.7311677410182,0.0,normal
1.375159330127624,511.1129375296512,2532.71236179879,0.0,normal
0.44807095631561045,503.04764139206287,2551.3460230371893,0.0,normal
3.0353184770368697,619.9299572921585,2658.088040765011,0.0,normal
13.70304268208395,15329.81859865913,37.28715750885898,29.0,attack
2.8157099192468817,486.14877553927755,1258.8842881613457,0.0,normal
2.291292448473695,412.5564351660082,2040.6457125212405,0.0,normal
1.9289337789837666,477.0617668144533,1437.4010861311385,0.0,normal
49.29789428188299,9642.071535530606,54.35048371640444,12.0,attack
0.2256461224515349,648.1960768436536,3152.97329298387,0.0,normal
1.853211500094665,608.211231299314,2468.68370712684,0.0,normal
34.28114617538186,9138.036500953844,49.68658847330278,44.0,attack
1.8156137699169776,642.4495821246948,2114.5474158231896,0.0,normal
45.57141848297053,1565.6152431347346,60.674678510706855,8.0,attack
1.4465495741858672,551.7994776391452,2096.0021184843386,0.0,normal
4.741688364097895,542.8186247810576,2402.7873514030866,0.0,normal
3.5037406985792665,495.866279519083,1526.7177407360925,0.0,normal
2.6416348724649157,452.3446198566475,2515.2193928183956,0.0,normal
4.108038418183405,392.33208725289865,2820.7143138611573,0.0,normal
3.1240104343597475,399.4398624310534,1823.773134181129,0.0,normal
3.8680383343845017,621.8194711754256,2746.5015522216017,0.0,normal
3.769249051120202,477.94617708434623,1501.3675210157924,0.0,normal
0.4628187934970428,518.9479821221081,2643.1910684977665,0.0,normal
4.997127256276266,411.2670541144229,1858.1466358176342,0.0,normal
4.055062133087925,320.60788868080374,1463.4048629664753,0.0,normal
2.049492435324134,460.24422345082786,1587.6748298546563,0.0,normal
2.8607009859708854,503.23962136835786,1553.083389680455,0.0,normal
4.611624286678913,479.97987456996304,2426.5075941217488,0.0,normal
30.995088720223297,5397.556061302109,51.31750109747292,21.0,attack
4.754809801356104,465.2697711042157,1506.4769105318423,0.0,normal
2.611262978974626,380.1048602006124,1793.2756482641023,0.0,normal
1.3390047794255449,691.2005469052698,2915.371912415631,0.0,normal
25.373561118341108,9433.226029463502,67.83114519992506,8.0,attack
3.9968098281134625,553.629090951719,2237.629302358656,0.0,normal
2.9021741290132144,474.2379514489006,2340.8171118341943,0.0,normal
3.5990259674488967,441.99836673463153,2494.3043967495873,0.0,normal
45.36777884913477,2743.903918700322,55.053933762204636,13.0,attack
18.737529799547215,11599.639309223867,51.43589825479492,15.0,attack
1.003933640354833,568.9164457074336,2302.7568255620827,0.0,normal
2.226694894251989,504.60792216331515,2224.0391705064458,0.0,normal
4.30205545454029,595.2461970536169,1849.2100961044475,0.0,normal
2.56536766704243,550.024046943657,1599.8322969173482,0.0,normal
4.461026174906075,371.1692382536462,1243.0847493775732,0.0,normal
11.796379860349262,18014.221235889847,50.150339255417904,23.0,attack
28.908275945451564,5049.931430484304,65.9864759359111,29.0,attack
3.810820014958751,636.8079350488601,2794.5736508182285,0.0,normal
0.9567092735760215,443.8157900648301,1750.2744035573933,0.0,normal
1.2859081919062985,549.3977382205645,2252.630671587101,0.0,normal
0.9495306169442986,618.1891092959961,2095.562116918196,0.0,normal
14.92938672039216,7999.71283058737,64.44850287259808,9.0,attack
4.563543204019828,619.2735165416415,2446.5941736036257,0.0,normal
0.6623674721591656,448.9839186349783,1761.9687211110665,0.0,normal
3.8210514858480225,501.60252822951605,2533.9988890294862,0.0,normal
4.352799643148108,591.891485465833,929.2845598401475,0.0,normal
4.514708388883292,539.7397023459234,1351.1358121593837,0.0,normal
2.7992011159847827,597.3101561015072,528.4292172641333,0.0,normal
37.676401064782475,2727.1929737763776,51.11268519167489,26.0,attack
14.963875044387294,10683.732513242316,67.56377987627992,24.0,attack
2.3502754002250947,501.3450364619293,1905.7025854262558,0.0,normal
1.6718223183615057,610.3877343316258,2237.316742783396,0.0,normal
1.9352465823520764,632.8640828248231,1572.7532686309728,0.0,normal
1.4335111724268175,493.9596270803092,2233.626107591395,0.0,normal
1.1876635934714523,477.8486737047876,1298.2206852181687,0.0,normal
4.011636666325015,430.48506419231273,1747.2763951732363,0.0,normal
2.8115188297738825,301.8035514261287,1819.3849035428134,0.0,normal
0.11871762102705724,337.66174700587567,1113.1124338987406,0.0,normal
1.684520654366052,572.1903485438141,2730.858508128559,0.0,normal
0.8401836697264111,422.35008595069996,2115.355874537481,0.0,normal
4.518633761463575,359.9929276816991,1923.3697233003472,0.0,normal
45.642024677221386,4399.005992794103,39.944440288162525,6.0,attack
4.353477781526506,586.8772500590771,1808.591259506625,0.0,normal
16.23705008695326,3362.4625473128463,44.149368286034004,13.0,attack
4.7359657644548,474.0199859232487,2029.9526283982193,0.0,normal
2.9924452183225583,381.0767534922871,2017.1666942844176,0.0,normal
3.884360119504633,635.2202678867145,1976.100374807605,0.0,normal
1.1758142238260296,409.71910730372,2358.6317718916075,0.0,normal
1.0141932885415756,635.5442801105496,1648.0418372922277,0.0,normal
1.0649359518217991,583.3603204837349,1108.9424590075855,0.0,normal
3.6218241274822986,535.7661366631089,2480.3066162517425,0.0,normal
2.313661625812423,451.15239198896404,2453.3936364661995,0.0,normal
1.6529178252657608,459.6924010934969,2048.7170551486515,0.0,normal
2.4365329947573042,502.01064668690987,2742.3209309382537,0.0,normal
0.33013323719776977,462.73244160480255,1920.1257510042067,0.0,normal
1.1328861975951403,410.27469938387435,2088.914899852717,0.0,normal
4.211983935403463,574.9282556879451,1442.376731811593,0.0,normal
4.383690370957361,512.4752099663934,1952.8654646175496,0.0,normal
2.0467077237458,652.8031359387833,2672.9675039191575,0.0,normal
35.61389385190948,12224.291102991612,71.48239201957641,45.0,attack
38.770740237944594,12512.873871857186,48.33757927679169,39.0,attack
2.430175583685451,532.7811073574123,2092.481293671043,0.0,normal
4.401367382945,550.6157655460712,2326.7394909758705,0.0,normal
3.331602766339774,514.4326471726037,2636.24166542438,0.0,normal
23.886673586971703,8577.44847830389,49.28293653715031,38.0,attack
3.047614008569138,428.1935216381736,1708.417141372022,0.0,normal
2.2168927452130798,228.73874361895622,1832.698072734852,0.0,normal
4.557171415239303,611.8549944255326,2677.9026697157506,0.0,normal
4.147731388237389,340.4106031425887,992.9683628811183,0.0,normal
3.984986653265813,351.7015568017582,1342.560667797794,0.0,normal
4.189401772252576,337.26882720526845,1557.165907996792,0.0,normal
0.19386187920113923,547.6240353387666,2647.5035749692092,0.0,normal
2.0232184263927557,409.94096474639383,2306.7300828359184,0.0,normal
4.867751718286983,610.5900424357309,1875.5131723596623,0.0,normal
0.19373193554270635,356.1588833205441,2474.944534124646,0.0,normal
0.35465928989221485,618.8596823087008,1624.794936122672,0.0,normal
1.323377868427128,505.78640474267564,1629.4186656825855,0.0,normal
0.42557483734329693,348.10302191866856,1326.6071689422827,0.0,normal
2.7735222676480813,250.67291796699226,1207.0771798070764,0.0,normal
13.364403972387429,1823.5486496422373,52.638884943500216,32.0,attack
3.6448943074650053,439.9614307128894,2381.8340748594974,0.0,normal
0.7116219884375566,708.4712921231016,1961.8804913397012,0.0,normal
3.1066601597635466,478.28411928631436,2223.351805404572,0.0,normal
3.829085172228837,489.3805909960247,2622.5205041116283,0.0,normal
1.7391053148354678,472.6270747833239,2285.4728473019363,0.0,normal
4.101337253410728,600.163182520856,1725.4205291181117,0.0,normal
0.3560636085015165,455.3679484765655,1805.7600466142596,0.0,normal
1.5861008651614865,607.3621943907572,1788.7157904893907,0.0,normal
33.176225243466185,8994.806140666824,46.00575219013983,34.0,attack
3.0319516730590186,502.31959785573747,2183.3031235069025,0.0,normal
24.53335127665057,12526.945058660684,52.04857300217691,10.0,attack
4.215031199614525,361.94012941003484,904.0106718600596,0.0,normal
3.372552742833986,669.3547133413672,1615.1667954943057,0.0,normal
34.714366162490236,6765.818479161882,49.36902447045654,46.0,attack
2.3062458061001627,330.5744104004922,2399.5340365711495,0.0,normal
48.85184909714182,3514.1785181713913,50.96897876034315,14.0,attack
15.627816954429852,10865.988213543736,45.701671768521464,40.0,attack
4.939482862306684,569.0472686121514,2524.101983837638,0.0,normal
0.2195638296270363,437.3684723816993,1776.6784765926968,0.0,normal
4.207810653084575,517.8694716810476,1892.443099914755,0.0,normal
0.9198743896051959,412.88069699923693,1509.6175781687311,0.0,normal
3.092038207964,389.28431831975485,2270.6606470041393,0.0,normal
15.502084459005587,15966.211375707157,42.68140790141936,32.0,attack
0.41875280562786965,459.03134073705024,2079.046949288393,0.0,normal
2.8422376234102678,578.3589664798607,1524.6546532923724,0.0,normal
3.0059172375152428,510.0791072644806,2771.403386884841,0.0,normal
4.852639974191435,528.2034219209343,2789.4725463589875,0.0,normal
0.6377073735197671,606.2657290787527,2881.4898262686993,0.0,normal
0.7693444278907459,440.31052152680286,1911.9329011446107,0.0,normal
4.447342438624,544.1307151699245,1941.172534198918,0.0,normal
40.34695538747124,9509.995166083301,67.3790476183525,14.0,attack
4.409951089262493,394.3969200033332,2034.4530665604861,0.0,normal
40.576004455572246,4094.032302852509,44.557117068445145,32.0,attack
4.678398372368172,439.17734925552406,1720.4180824703958,0.0,normal
28.04821632849586,6818.715825069818,60.686422195900846,25.0,attack
3.102699594128901,529.1378984815946,2103.338814269558,0.0,normal
3.5282338911483966,545.7213063692514,2052.885191762062,0.0,normal
28.291991919875915,6746.031724657699,53.90192610605403,10.0,attack
3.238332606661636,480.95538140707833,1377.424712019957,0.0,normal
26.66527400477646,6358.353657891296,44.396468439401566,7.0,attack
4.7840022618810645,427.60352695322126,1212.8291411340185,0.0,normal
3.417009836684503,448.7411203021491,2122.6458713184675,0.0,normal
4.486513504667276,630.3278037316063,2563.8940135558228,0.0,normal
1.2669186029619122,471.78742230660885,2021.855198495992,0.0,normal
2.619748748226697,633.057490403904,2343.428955506128,0.0,normal
3.264529692803773,507.55763726700377,1263.8229692446112,0.0,normal
3.8333188817638635,481.1797561227179,901.249497368985,0.0,normal
2.9905966655877023,321.3624534645313,2006.2609321648931,0.0,normal
4.902159618898837,365.1952888059833,2307.5819921392904,0.0,normal
2.9682363855440856,585.2468643432951,2615.2300238799876,0.0,normal
15.409593119388902,8886.258934239893,36.55653995169448,29.0,attack
0.5330862402241417,404.90466169055287,2548.742485676582,0.0,normal
0.2997981936183432,499.7596159081146,2589.126423774001,0.0,normal
1.6934313147010052,440.2332316745143,1995.4204807326723,0.0,normal
3.113535410825932,370.73746528477375,1990.0408018501344,0.0,normal
3.26447298201051,548.7774821084338,2490.002118066947,0.0,normal
3.6099846015071435,532.6855400610438,1858.8797040383856,0.0,normal
46.44543080520334,6402.638078310313,51.83241910458719,26.0,attack
3.0248623836786153,408.9675658071716,1712.4067751782418,0.0,normal
4.982036188678036,404.24310449847883,1514.4689854461335,0.0,normal
1.983339688768261,686.8603219163002,1572.2586520372092,0.0,normal
2.636787052585086,568.0230208417629,1344.2254310506592,0.0,normal
44.345983156105234,12716.69798499524,51.69403074912069,27.0,attack
1.7377950650031082,589.1303686869755,1191.4140549772278,0.0,normal
2.183546171899244,667.8674673372566,1735.5418104476723,0.0,normal
3.64746797178386,563.7605812231209,2489.6298721434814,0.0,normal
2.284923261246067,709.7939339132431,2175.8311774870294,0.0,normal
4.225792909161301,289.52504942809855,1149.686375174311,0.0,normal
2.9336621571597674,410.62539809162854,2485.24422980669,0.0,normal
0.3254129459065885,549.6199187363317,1698.6878476927213,0.0,normal
2.1528441719186295,434.8324877843584,2363.5839944460504,0.0,normal
3.669604318091905,704.2177910534731,1632.6283932636454,0.0,normal
3.9000853218055522,448.23074271307854,3060.4967829225548,0.0,normal
1.8817850516585408,667.6393027208203,1587.693995117489,0.0,normal
1.6904705665113247,477.4343619287748,2571.680765102914,0.0,normal
1.7762005687079467,596.0304796281471,1546.8923339763944,0.0,normal
2.355755528889439,446.04087792628684,919.3480568488189,0.0,normal
0.21561532676309275,538.0778071365052,1319.5825108494605,0.0,normal
0.5992727015234663,416.39083297803734,1893.774148643472,0.0,normal
26.452907872930783,10071.909981221328,42.331304748820884,16.0,attack
3.0089378769218387,394.8779970217497,1939.4894844952178,0.0,normal
1.980781464471916,456.3844558492515,1288.8827492465632,0.0,normal
3.5135890369967724,490.7055793386412,1979.3759355103984,0.0,normal
0.1000570103012941,504.9328165794844,2069.9106792591056,0.0,normal
0.29242012978409637,660.5619832565118,2737.241003689128,0.0,normal
2.8798298761816277,400.7133998914454,2796.012449288042,0.0,normal
28.665374798007484,10780.453692284262,53.673193878491965,20.0,attack
1.1788976895540757,456.96906800453576,3105.344863007882,0.0,normal
1.94185259721427,455.14571634721386,1324.3547986507829,0.0,normal
0.4307624787507275,356.91687983753286,2136.2589951147966,0.0,normal
1.5002157905042597,659.1400367762805,2754.4594471334517,0.0,normal
1.081381887551367,550.5557853215008,1560.1413193077217,0.0,normal
4.881781399059264,582.7115428565768,1888.487159366799,0.0,normal
0.7720275919484415,470.9546083772211,1722.7033797837241,0.0,normal
2.6055777544185954,552.2250636017778,2230.6360421589156,0.0,normal
2.770631902594998,426.48831992754117,2804.0336235863642,0.0,normal
3.0807655500380817,384.8002452420857,1719.474573988866,0.0,normal
1.7385657770448686,461.4506759087642,1480.729571482122,0.0,normal
38.26750833842174,6927.88237776079,39.58113067522632,6.0,attack
4.105298451799936,352.54973129517646,1812.8049833965429,0.0,normal
0.4202460699148176,609.7300187543709,2321.8343765112454,0.0,normal
30.70962628417849,14830.735062046479,51.337605740542294,19.0,attack
2.8968136928776684,487.6271053725164,1551.8162260874096,0.0,normal
1.0807361967995697,529.6576938530305,1687.5826907827588,0.0,normal
1.0343698312519662,519.8680009547406,1972.0739086735946,0.0,normal
26.359460149353374,8758.744430694533,61.6729071738378,44.0,attack
4.848602887689975,411.22304884614596,2134.406178206077,0.0,normal
0.8739786318932052,625.254073102923,1037.2163198335616,0.0,normal
2.956903648751492,527.9267838216526,2075.301246422317,0.0,normal
4.9864657095276534,583.3157766629434,2702.158140997476,0.0,normal
2.664315192854233,446.14263267033755,2838.600254983048,0.0,normal
2.164115461140953,551.9358745637888,2455.4722019197375,0.0,normal
2.2113488659428495,492.0611575594297,2471.4693099486167,0.0,normal
0.9176149883238889,632.8056888986968,973.2567256720556,0.0,normal
2.118020479321616,515.776143929377,2951.2791026147797,0.0,normal
2.5574380057158157,852.9055187570484,2236.6683377774834,0.0,normal
4.216529584352079,668.1492457418016,1214.8370928734917,0.0,normal
19.21499289464096,2749.184164816491,47.065685976866874,23.0,attack
11.425191815605572,5642.04764465786,69.88884638754854,7.0,attack
13.467142446033229,-105.0116043812177,45.264766184458026,36.0,attack
4.666937716999086,519.1897735873036,1991.9729803757068,0.0,normal
1.2606657389749623,511.1799158203388,1599.7048288259473,0.0,normal
0.1887399007221185,718.4096733380456,1864.8143004321043,0.0,normal
0.9413001477567029,550.4270748038384,2007.16821108788,0.0,normal
30.962897860268175,4058.0766462996453,50.92421147339236,46.0,attack
4.1496415839279335,424.32360229840737,1435.7046634514827,0.0,normal
3.045263417321142,332.88302275059345,1937.1268512521137,0.0,normal
44.49006513209949,10849.723555257415,48.18354861093766,32.0,attack
23.083986616003173,12860.865655187317,43.99795775414372,29.0,attack
37.31846374168259,5186.657327954873,45.9795069972521,9.0,attack
32.758801350449644,12199.21443236414,68.54987357480657,48.0,attack
1.8791032523533122,320.68935474654234,2075.7036980360094,0.0,normal
3.4932148506792045,629.2060334326522,2404.6293140616494,0.0,normal
4.801925557173064,372.8080998887277,1923.5725040928874,0.0,normal
4.617183751613273,652.3238621712258,1796.5128168133144,0.0,normal
45.61236791098257,18780.507948467668,47.94707478371486,28.0,attack
2.995375421622385,441.07283482106936,2204.067956389178,0.0,normal
0.7842911483059333,554.5786713532356,2967.930512840302,0.0,normal
34.36326620084054,9193.572831694275,50.23385125156181,14.0,attack
4.0527982465042225,490.4888352299234,2299.5448796319047,0.0,normal
2.992130267658527,612.7780250633898,1727.851926842854,0.0,normal
34.27325715654933,7545.255251340668,40.05228282068305,39.0,attack
0.311483568557823,559.6441137581753,2536.4648072536734,0.0,normal
4.165734838165288,422.1162957179565,1660.5098267684339,0.0,normal
2.7363112562831247,678.3922595201769,1445.7514546016082,0.0,normal
2.4741626274360047,467.3303786813636,2507.6104459071526,0.0,normal
1.1620250204448008,395.3878914937496,2146.4144217933417,0.0,normal
4.497092742375567,586.4248384698636,2474.820749308267,0.0,normal
0.16077977775884247,409.12303291920267,1370.4675442759035,0.0,normal
2.393538365748022,405.1047172231322,1716.0960789079472,0.0,normal
1.6939240299725642,615.6833781036989,1294.7662917936125,0.0,normal
2.3067197966365223,348.99587880147476,1857.6052952423024,0.0,normal
2.4923815714067135,530.5243126531353,2196.3841815255623,0.0,normal
4.3956026530258905,528.1009250281807,1876.332018051791,0.0,normal
32.82576730180179,4391.768817334027,56.420450918935614,35.0,attack
30.46078229851495,12770.714632563744,47.12917796884991,12.0,attack
3.847927981556429,666.5351917623531,1656.6338022163243,0.0,normal
0.6564322017781822,485.9624941094664,1619.1198146586771,0.0,normal
2.880950156481635,450.5034519631927,1122.2472056476863,0.0,normal
4.257284357543571,422.91811972713106,1844.8019317622432,0.0,normal
16.013834989270663,8237.034514677964,44.003504885490685,29.0,attack
1.704737025671782,339.97288954962903,1660.0557301319068,0.0,normal
2.0430596333742237,585.8014195302145,2771.3681836398882,0.0,normal
4.13575569266997,558.8076675167832,1951.3270155536336,0.0,normal
4.4701735095726,569.7974030130098,2184.248793419519,0.0,normal
1.481969405599402,637.6496450019538,2529.085046912051,0.0,normal
4.852580549291556,388.04538716168315,2266.391604661312,0.0,normal
1.9215225450410187,520.8322508625592,1386.085716971504,0.0,normal
3.5538679492125707,451.574164806917,1910.6595561960082,0.0,normal
0.9316693000269235,645.5434483915325,1642.9791281112725,0.0,normal
4.474091384277177,531.8521004798874,2497.8468771851813,0.0,normal
29.709955845173507,10865.338242852768,39.43691869524247,23.0,attack
18.689862899235216,12940.689756713298,45.48624768918656,20.0,attack
0.912173921118764,544.1746736377557,2061.8773212621386,0.0,normal
1.6836943669017008,533.8023481101708,1510.8725309697613,0.0,normal
4.1054734525183605,400.83033365596896,1559.2831473865022,0.0,normal
4.090895564685786,567.8946987762233,1784.2721777200577,0.0,normal
4.494263208539458,625.2842634427484,2405.013619253058,0.0,normal
0.9491421683471444,371.54157343000304,2865.1609074285843,0.0,normal
1.073706839517445,496.0980480622456,2331.13149107981,0.0,normal
0.47046469902207877,608.1514086299742,1864.8648161626954,0.0,normal
3.904423507635785,343.2140574634544,2958.6295742130615,0.0,normal
0.19658163499638437,520.4758882401784,1898.8305465649562,0.0,normal
1.6379899339401056,395.5163686096929,854.3535965579674,0.0,normal
0.9599089741686512,482.04854251275196,1919.9806632103277,0.0,normal
0.7225965119942355,487.234531848181,1468.3227500848407,0.0,normal
3.855923742709665,569.3217601658704,2553.228576147322,0.0,normal
4.180868846262529,346.74817231703366,1948.971804685576,0.0,normal
3.7944133276242415,451.1113880956309,2487.600270842383,0.0,normal
3.047897918717023,496.1257105010457,1562.900364992925,0.0,normal
12.605489546835837,3446.7710784781366,51.53528457250351,40.0,attack
4.1608137948444535,394.98592603978545,2553.3552121436587,0.0,normal
0.6790076553461156,495.0970659161963,1631.968173265743,0.0,normal
4.337139643649761,526.477531097798,2271.516139644826,0.0,normal
15.933567228788522,6204.082269162478,33.45489605087254,35.0,attack
3.8828611339189534,620.2576505225228,1164.4264176023257,0.0,normal
2.9249307300198426,441.01052435371093,2581.2868340939203,0.0,normal
4.551329304208939,623.070290498447,2611.403961066704,0.0,normal
4.851645800710087,465.7851348872761,2145.829466594523,0.0,normal
4.836608613313981,246.77539147803148,2832.8016068432635,0.0,normal
45.561684707606446,1296.4969680983231,49.629919059267664,33.0,attack
36.379606843506075,7518.970621292463,44.78044434524104,31.0,attack
1.844266125391182,407.54358856219,2125.314116051651,0.0,normal
0.9923777868746265,496.6074774072091,2991.8520677393753,0.0,normal
11.664129334212854,10234.681492076139,42.52897246332934,5.0,attack
1.39872749879252,652.8747850540908,1804.4876665672118,0.0,normal
28.048612531135852,12603.971528463764,41.73508624289765,37.0,attack
4.73910559899198,555.8723836944486,1411.4841842734645,0.0,normal
2.928279444999299,575.3419463502431,2476.880127905677,0.0,normal
1.2250309876944465,611.8894597930669,2165.306630545203,0.0,normal
23.153321875247613,5249.237349740639,57.84284753263752,6.0,attack
3.395750379303119,478.4039479649768,1807.9091671465121,0.0,normal
0.773852626315367,485.10306902327034,1131.0976920767503,0.0,normal
4.860510185415148,575.5665838744314,2717.0885182601633,0.0,normal
0.4709286638179586,590.1728697140275,1708.438584337851,0.0,normal
4.757016271975138,525.8661147855388,1063.4970845346897,0.0,normal
44.263377769098305,13525.743294690883,46.33397430161256,49.0,attack
1.2915437358973252,781.4654444472553,1646.6466158134972,0.0,normal
11.161551306390978,12407.538154956526,51.06669655367045,17.0,attack
31.863770539889785,3208.7150693875656,51.151523144404756,28.0,attack
2.9563376783408897,553.7412002820381,1333.7751095008975,0.0,normal
17.942096141483717,15793.335116706508,57.64158299931894,37.0,attack
3.342421544955388,563.3225310115093,2339.274827310526,0.0,normal
0.9877980673454058,586.528975613525,2802.3675061474264,0.0,normal
49.03573351583595,9606.235568776798,62.36204978259596,7.0,attack
12.30733138334175,13927.412949147882,39.31975624108823,10.0,attack
13.683219724944792,18199.783409143303,62.80352020837135,23.0,attack
2.1465682795032746,634.6571662610296,1972.0517666932024,0.0,normal
0.42420942528875827,509.2055137311992,2635.0440126274484,0.0,normal
1.8190136357415767,656.0255529530931,2544.6361234655496,0.0,normal
4.113601356603579,490.51757687191275,2832.3209109831378,0.0,normal
3.1034039542231753,454.6585891616146,2536.7063512052227,0.0,normal
2.281995749513061,574.245891359262,2633.1651339781442,0.0,normal
3.199847276356346,594.118186641997,2043.6957144600608,0.0,normal
1.2878076888338934,549.365484764315,1846.2142914421004,0.0,normal
3.0492197892179784,739.2109635273993,1777.5268045523735,0.0,normal
2.0802875760900617,446.06949855367293,1855.733549659102,0.0,normal
1.6939461567128526,366.343149968508,2179.4587918703296,0.0,normal
4.15500995614283,544.166256418606,1643.4038478169336,0.0,normal
4.006747292319813,588.7503967414059,1912.676027159186,0.0,normal
2.154431139713508,386.29671168525124,2528.1442418730617,0.0,normal
0.4844362685771032,478.1346722564964,2310.6733699845513,0.0,normal
31.85116419161136,4033.1059377809006,40.87195513398805,28.0,attack
3.886579956358888,436.377628734807,1360.1760758253786,0.0,normal
1.0027017122663282,629.0758424122428,2747.7858682412134,0.0,normal
4.405286933140274,570.3427916787309,2069.42801621544,0.0,normal
21.395545556122443,8361.832813450197,42.750806571083984,9.0,attack
39.64428166518723,16344.038281584784,44.59236645022778,22.0,attack
49.476146657410226,11425.173710496807,40.777807228652854,17.0,attack
3.649260203930832,476.40834706878763,2309.541584694005,0.0,normal
3.399818923292095,629.1273839015879,2524.0583796345772,0.0,normal
3.2897699890396757,529.0964730137443,2603.2678617271513,0.0,normal
3.2478544632109467,325.23634901717384,1767.616388044136,0.0,normal
2.9821911080471137,595.6295002091346,2687.798482152104,0.0,normal
3.1403215467546564,540.2268077201298,1507.1334832862628,0.0,normal
4.413542334529742,484.6094773025312,1676.0638551767393,0.0,normal
3.9524076960791845,530.1960900171765,2162.172855597462,0.0,normal
1.5669785311562068,429.70885619604326,2435.862212092068,0.0,normal
2.576730077761205,465.5936043295774,1755.2928827527899,0.0,normal
1.2818871422377534,632.5276090437037,1589.8357694337662,0.0,normal
0.8815120864526557,631.8197067234025,1612.5989109322354,0.0,normal
24.580038581951698,11546.9522122991,62.84916784875083,17.0,attack
3.195886282381675,568.1362326575305,1892.4018382199097,0.0,normal
2.292320597434928,475.9334825469787,1774.8990541670782,0.0,normal
4.72920766803709,505.2526368215316,1907.561621877367,0.0,normal
3.508528917834354,533.4438514848522,1467.1586510902166,0.0,normal
3.991632246492087,399.2088304571794,2748.4401369254283,0.0,normal
1.831764758583319,572.2826894985512,2261.661891364294,0.0,normal
0.9520867211754878,470.82413677414627,1956.8310708766367,0.0,normal
1.68283399419506,539.1209327237394,1806.254342547283,0.0,normal
3.6812506284978572,524.30047220544,2163.5361874389228,0.0,normal
2.256975089981904,540.0235855526776,1504.6883883113712,0.0,normal
4.39901722035091,533.5968173440576,1887.1386841939325,0.0,normal
2.9829258828174514,502.3080658950421,1490.8730492911357,0.0,normal
13.348965324356396,17157.944526070554,52.87682043675722,7.0,attack
4.7592314550270105,529.5279940620868,2404.8287650741204,0.0,normal
34.38081245239697,12026.200127745728,53.236324725129776,47.0,attack
2.698480452920876,485.2794721314403,2413.211162095883,0.0,normal
3.3965466106210873,582.4102896855705,2194.972799691718,0.0,normal
0.2926294852213848,566.470274533311,2346.911726929551,0.0,normal
4.93957323918357,428.80267727410774,1943.2039191490176,0.0,normal
0.426167166779692,438.0877051750068,2593.2077952588043,0.0,normal
3.328538804140021,216.24935586026209,2363.25581116803,0.0,normal
0.4398703742883108,706.7906338163552,1798.3101270156587,0.0,normal
3.1311957532544032,549.4705653775032,2121.0353351439835,0.0,normal
2.334742922663476,389.6330171469631,2364.886468517098,0.0,normal
4.284413638081569,451.2366579045037,1704.0619668284537,0.0,normal
0.17199760440927384,535.8344511076003,1446.5648542329718,0.0,normal
0.33623899041672456,577.1796177235661,2595.237492596741,0.0,normal
4.366674516235306,412.152619865794,2691.597257664672,0.0,normal
3.5499908636861957,481.8550930752483,1850.2424812262611,0.0,normal
1.209955967576918,393.39678283723197,2188.7773664189554,0.0,normal
0.4868030744381222,410.12001897561623,1025.2049136369837,0.0,normal
1.0879738682339484,280.38721789000533,2585.33081465883,0.0,normal
4.471028120367855,418.3782755458035,1841.9585194385133,0.0,normal
2.24056844281438,487.57142228375636,1876.0228963360553,0.0,normal
3.077985399038341,388.5177812647586,1596.7451854872088,0.0,normal
1.9009186692285043,553.102609489421,1167.4373518479779,0.0,normal
1.6249657258106287,497.37392067301477,1598.2828629143714,0.0,normal
0.246870590376122,282.8428595239552,2067.927950783145,0.0,normal
0.8665415090883216,597.7815549686201,877.2070512174187,0.0,normal
4.961574272634232,415.4326895505887,2132.581961373294,0.0,normal
2.855254397801758,527.9083858345185,1632.6644531615702,0.0,normal
4.38101785951306,532.4458604352517,1889.6356215208168,0.0,normal
26.005818691382366,7846.14195659808,59.59253376449038,39.0,attack
1.776327342231611,371.40002934835064,1991.0360158751007,0.0,normal
4.250147385614596,569.3923233191258,1943.205943189475,0.0,normal
3.3710329187530337,430.7749670734104,2027.0258314230005,0.0,normal
18.96689106987607,12731.994758336357,66.77965836968697,16.0,attack
0.410537355316562,499.2955014519445,1291.8655703296963,0.0,normal
0.9185053487146544,446.23542422201837,1953.0482156434764,0.0,normal
2.032933764993173,523.8554953773739,1849.9356065859001,0.0,normal
0.43240158961534236,502.73133798514385,2166.188416759805,0.0,normal
19.498756288909828,12244.713590964988,41.79161041149709,26.0,attack
4.630998729564958,570.6078913815131,1700.180002589398,0.0,normal
4.689976944809999,363.4175844584561,1981.7099800615772,0.0,normal
3.1934070101507452,490.89241396469725,2057.4225451388766,0.0,normal
0.2799346762540236,639.9486426972343,1633.8502251314558,0.0,normal
2.2567472193240468,311.68497919414165,1947.8207752809567,0.0,normal
15.488689264402637,3067.5528965437834,40.38237579226798,43.0,attack
43.08746856981287,24212.9686400523,30.49099533210619,6.0,attack
4.939839709706555,438.91423601949344,977.6854980993659,0.0,normal
0.9867870682764999,444.90181964617506,1777.1212701015756,0.0,normal
22.291745729691726,10587.588095790483,45.268925866394774,9.0,attack
2.598284646797243,499.7631083867192,1997.899042304422,0.0,normal
1.5040521354285938,488.84911728570563,2388.114252362053,0.0,normal
40.26409993175419,7988.449886236387,71.17730003008565,48.0,attack
3.3736171691961667,546.0271624982304,1788.154641544662,0.0,normal
4.416767727634321,525.7253421111502,1890.2938395139647,0.0,normal
0.7632350031606591,414.7775357002676,2116.097252321164,0.0,normal
1.5570101361254989,465.7121138442436,1873.6875655986817,0.0,normal
3.1359877535532195,400.64104844059636,1946.3106907949773,0.0,normal
0.7901993998610193,331.08169620327385,2604.615323611969,0.0,normal
4.490847369625117,555.4057771115907,2384.984365667611,0.0,normal
3.1739117819443226,386.7850859283993,1959.5922134182213,0.0,normal
22.607491606158554,21184.855385308147,41.21501209030495,34.0,attack
3.6391079660927304,489.5657207013108,1353.438874797515,0.0,normal
4.23943781777275,607.1929865211797,2582.4954412819616,0.0,normal
1.2926437477707995,508.24417666348427,1866.3414884160954,0.0,normal
1.8335668778085368,507.5673540613386,1663.2928802200638,0.0,normal
39.54648214247301,19690.474496965697,50.05457844281314,29.0,attack
45.22329772483866,5843.560522590549,60.248864327659305,14.0,attack
4.737636914436987,441.28847293798526,1958.433237139253,0.0,normal
0.1443653917438178,513.965368956535,2200.3686268458064,0.0,normal
3.652529773865682,250.71895006046466,2035.6436302747309,0.0,normal
11.967559609280883,11533.484710149189,45.22655141556166,25.0,attack
1.0139407009592858,547.5167746495382,2353.79591098731,0.0,normal
13.906652725044918,22242.934940870284,49.63552679741962,29.0,attack
30.15863119301574,8948.21198111544,41.969154192809405,42.0,attack
0.9649873568269905,390.83748278408973,1487.3904571312835,0.0,normal
4.445932011025421,604.8482651050592,1898.697113540963,0.0,normal
2.5776073517675986,573.4476745001218,1569.7807659665834,0.0,normal
3.240286249535752,352.5867867957894,2695.960443839959,0.0,normal
40.73642172456137,13364.851030159587,45.675988127220386,37.0,attack
0.264308930205319,465.35734939931,1371.7173320272823,0.0,normal
3.419226336455477,687.1074482308114,1585.339812819315,0.0,normal
4.466601257120549,436.5714152310597,1573.3002629804444,0.0,normal
3.7780122830402063,568.7065795858916,2005.931339590392,0.0,normal
3.4714232296632317,513.8078408417547,2110.4208851451763,0.0,normal
1.3022263394144344,305.8141340620594,754.4192959242698,0.0,normal
43.694271508735284,13256.65475997602,61.490146960524,33.0,attack
1.8651462021220968,530.8009902217341,1848.9514794876973,0.0,normal
2.938640886643496,423.3677475218574,2549.792232163835,0.0,normal
2.068716123206189,467.3987504183151,1414.0843497637375,0.0,normal
1.8413843865601234,570.9352514455318,1908.229838991767,0.0,normal
38.619367190975574,4959.93388414661,40.712636844672154,37.0,attack
1.2075420892983988,602.2841471550764,2634.8066312999213,0.0,normal
1.749360963150211,454.80506280881224,3027.096920628035,0.0,normal
3.4908551541386084,494.15698810025117,2305.117502846998,0.0,normal
0.6022976671543284,694.8342644789814,3291.7868300832833,0.0,normal
2.847234462639238,317.9239722197984,2348.6190231951564,0.0,normal
1.7948269790694882,296.3779497144063,1246.3870898080309,0.0,normal
2.225873081266068,437.2686554048697,2060.922232066227,0.0,normal
36.95351844667908,17034.037643664826,65.16288450556014,45.0,attack
4.129667934808237,585.9833561467458,2100.6972793576406,0.0,normal
1.8394818985764931,566.8840130546218,1352.3706896664396,0.0,normal
1.3949536894773327,512.918747333171,1246.2235276832896,0.0,normal
4.48465401709548,382.19591326236196,1811.1175562387614,0.0,normal
3.158329648460757,557.2006278300473,2473.7559542877834,0.0,normal
1.237842206219405,666.906952582633,2194.4094551318567,0.0,normal
40.721298170163294,16179.716011140517,41.972782837750835,49.0,attack
36.23794843353568,6420.163884080288,40.029396726367374,27.0,attack
0.1450655529214853,364.4552496887711,1722.3597515473352,0.0,normal
2.3785466358794953,407.59371926589347,1996.1629681577483,0.0,normal
1.9832005710824405,343.6965693428747,2528.0506258349947,0.0,normal
4.225474477279862,572.894119457045,2525.1597761381777,0.0,normal
0.5375186701753074,486.1917665338518,1226.2151029318443,0.0,normal
3.3430120302619555,578.2629826316518,1311.35225536395,0.0,normal
4.965527500984572,574.4185710315035,2352.1681049270396,0.0,normal
3.5118150018028853,257.36079294647914,2045.5624336266885,0.0,normal
30.54088307649934,4322.013672372379,59.026781426992486,35.0,attack
3.054420094749362,618.6145474042299,970.4197581538399,0.0,normal
0.3522458811249478,553.2006198821944,2510.817606913804,0.0,normal
4.99861659910204,484.8285566422771,1901.953394661531,0.0,normal
3.0454635575417233,461.0076293440555,2948.9436463293528,0.0,normal
1.448912245914115,356.12798989431303,2640.6916990618174,0.0,normal
0.744681657123573,707.5065039348542,1492.0022844159855,0.0,normal
1.4310025882444115,431.3461246846231,1281.8237714804197,0.0,normal
1.7104562723125885,528.6955854301709,1300.3858703876845,0.0,normal
2.1849173387955694,541.2998912137798,1868.4193639700866,0.0,normal
27.660269731566842,7018.376554540397,48.4079828841336,44.0,attack
2.9015553174043687,374.8800863366322,2141.5654111597623,0.0,normal
2.618548496883073,380.0302471634692,2186.3240932400277,0.0,normal
0.727424610893085,282.2934953557145,2709.517805683632,0.0,normal
2.815472212327388,507.22789653842887,2083.2426362885735,0.0,normal
18.377135445557343,11096.020938167941,61.50136803679616,24.0,attack
2.0367706456126733,384.3058602770529,2182.5845005241604,0.0,normal
1.9352863925599484,496.7952505836287,2618.732295866769,0.0,normal
3.3526421853468453,410.3667341407938,2464.0078295758435,0.0,normal
1.9841055054595818,322.60303838878707,3013.4085580211963,0.0,normal
0.4572189933027272,672.2155097808195,2118.865863952993,0.0,normal
1.2456828821560144,485.0638504350359,1728.3992498118314,0.0,normal
3.9376722251632676,532.1291470757388,2856.3557056381364,0.0,normal
2.117651153764092,550.4287853384272,2601.1245016805856,0.0,normal
0.2796899919743606,392.98084371056683,1799.3953967276611,0.0,normal
1.4159546205228488,468.4733666083744,1583.7616891383057,0.0,normal
4.021746888329572,524.9548189598077,1772.414108023118,0.0,normal
1.7958886600351494,635.0852330699006,2710.092469390974,0.0,normal
3.8610813797378,521.8963915855975,2192.606326129677,0.0,normal
2.5063690739775093,630.6072203871629,1862.2588424104888,0.0,normal
30.16152030515029,10803.427490628264,54.72953564713271,42.0,attack
2.9302074928176722,418.23176033948664,2109.5357812688344,0.0,normal
0.5057134728331197,454.5205282622307,1883.8632486002637,0.0,normal
10.339440483337722,6466.284091788235,64.16834082138803,15.0,attack
4.382061380056324,470.5757494363542,1980.8380821513138,0.0,normal
13.71437891774085,7974.944642746513,69.6845128936029,31.0,attack
0.5381139113300717,492.17693409414824,1517.5533499068079,0.0,normal
4.003738846237725,343.53778726641957,2606.045359661368,0.0,normal
4.3207129821808365,659.8321807641033,2170.87696035677,0.0,normal
3.008603022414839,410.7212484508116,1919.7201952491014,0.0,normal
20.36392821528445,-3914.802161716103,43.63269440891943,12.0,attack
4.236640393902101,428.86967730505205,1105.4938047492794,0.0,normal
2.7318220549108845,581.079864559171,1038.6141139688318,0.0,normal
0.2698843069597683,531.149085879779,2319.951478576042,0.0,normal
4.605020668750645,484.1694521990336,2190.413209172627,0.0,normal
2.796110056565683,487.1340553647944,2331.798934280381,0.0,normal
1.2203497469669675,606.5171965714387,2445.9315110803745,0.0,normal
49.65607452198446,10838.457674297806,60.38386037159633,44.0,attack
4.654692806814347,352.30750724680985,1549.0036752784013,0.0,normal
2.4624472847072254,444.49832984558907,2097.581023570909,0.0,normal
4.037334531366756,410.1972773675542,2098.6567061451333,0.0,normal
1.818071962924986,423.86447301910596,1574.4097587762576,0.0,normal
3.252112270367531,278.3181160645936,2335.024835907762,0.0,normal
44.73861364849474,7636.538611382142,29.129307542904836,19.0,attack
0.9121660671295815,448.4829100907982,1539.0881718398932,0.0,normal
4.689367892245311,441.5544708149562,2607.333390066451,0.0,normal
1.7680166249598726,357.6041887802393,1770.1293024684803,0.0,normal
3.851013205056438,574.6611364602157,1742.0095053254602,0.0,normal
3.9123236914088007,625.5349780288475,2407.7971222980814,0.0,normal
4.191158160316566,461.2638035447189,1739.5157243844521,0.0,normal
3.1703033043567306,435.88857397753554,1486.3740562474354,0.0,normal
2.6354871235997024,429.05688426715244,1387.8063633210227,0.0,normal
4.88167518936642,602.3530644185345,1424.1594454828282,0.0,normal
12.866024569259388,2713.503562080842,65.11283124110741,34.0,attack
0.5478182830257045,574.1822294390126,1804.7954067891833,0.0,normal
4.728609675422714,465.48352945502035,1289.3250273407264,0.0,normal
2.768035099608939,509.352349643861,1430.4692461918244,0.0,normal
3.887315261192964,448.1930980524943,1807.6039881979646,0.0,normal
1.8480913007985877,575.7495149337485,862.6894843969003,0.0,normal
1.7246670254292498,582.0232398305984,2309.278178488962,0.0,normal
4.5225092427298765,370.07836365541755,1893.2033788974788,0.0,normal
2.847323645200855,550.9689231224656,2253.4578600681552,0.0,normal
3.328727315359742,595.6703186385658,2992.6901976301465,0.0,normal
0.6953567438744985,573.2829081821745,1922.2887837361202,0.0,normal
0.7090563950791692,595.0015828669646,1703.7672723097428,0.0,normal
25.53572721535548,5876.330102488187,35.12845764290229,34.0,attack
4.500466018259497,359.44369461437134,2215.5114790054467,0.0,normal
1.9201895868594465,431.9505952235952,1730.8814349626055,0.0,normal
4.803327733295931,580.9264698241985,1570.3003945913997,0.0,normal
39.86987090050377,18035.095041246404,23.94423244311467,33.0,attack
46.29158245810287,5292.330398661283,34.72419058644241,45.0,attack
2.655152229735213,503.4887947089409,2344.2479872807835,0.0,normal
14.00072360097289,12668.132124082378,41.43915127999089,38.0,attack
40.450857185014414,9320.634758181019,57.99246457517245,28.0,attack
0.1409820411965998,468.5309171211908,2046.371532889776,0.0,normal
0.22047589064812742,568.0220360476691,1703.6485885214468,0.0,normal
3.0084485833560515,580.9594435971886,1519.6102208775549,0.0,normal
3.0217224045620603,493.6876986888752,2473.2885017866934,0.0,normal
4.8759839206379025,402.0699769717365,1574.191379906646,0.0,normal
1.1568082467488143,614.6027575013416,1251.3838027579134,0.0,normal
1.5380952337197962,565.964999808237,1979.696884160735,0.0,normal
2.3457856134791197,491.14557854169874,1870.6177940638106,0.0,normal
3.1747767697700136,451.82340289065246,976.2814071146248,0.0,normal
4.104388780985958,403.5294574249285,1774.3485678281677,0.0,normal
19.589766917530337,7483.2163097526345,65.41457194832253,45.0,attack
3.870299581002031,462.43663392826596,1679.9267474531503,0.0,normal
17.230796772036125,9619.061943544912,52.04153871996027,32.0,attack
0.26470664089808493,423.3879169389329,2136.3167571597073,0.0,normal
4.1307427472323255,452.2354417395995,1770.9874084927217,0.0,normal
4.008039593122222,278.1652239948919,1744.9680249519588,0.0,normal
33.16884758284427,12393.405903254685,33.049822070246925,13.0,attack
10.342190804726808,2859.6641194727745,58.56459813148786,38.0,attack
47.305198629574384,9213.818039857239,51.488866039537704,39.0,attack
4.4941505806694835,548.0908092748896,1425.1462635512971,0.0,normal
2.794355957603406,551.6144039586379,1328.3953047080497,0.0,normal
31.425266113889275,20921.15300877451,52.032762210574624,31.0,attack
3.638147597193412,344.46262661587576,2745.068761049921,0.0,normal
0.7186972336660634,499.0817646614861,2180.957135365263,0.0,normal
2.3566435366432863,448.82364420576965,1511.527130309059,0.0,normal
31.289393907067918,11152.299403138166,59.34311737670771,27.0,attack
2.4981823218513886,475.3616597485452,2361.3374124441493,0.0,normal
2.518378243666582,651.5444808352247,2206.177984542974,0.0,normal
4.009286879407309,552.3223185737033,2637.341924839743,0.0,normal
3.0208015806676998,296.7646235701616,2017.6857085443196,0.0,normal
24.894651929144107,21841.67271200219,40.91846051392329,42.0,attack
28.73638180097435,12024.706769076714,58.258526698277095,49.0,attack
3.19829856990854,732.0040722017259,1095.366142705871,0.0,normal
2.4936286000335364,538.2433315692535,1603.4326681930315,0.0,normal
41.155705804102865,-1365.8610127341599,41.14971367737201,28.0,attack
2.3497077141047367,594.5888156554639,1702.6635064189156,0.0,normal
2.679373038586955,584.5802872562929,2239.070287777904,0.0,normal
4.024805431976488,629.9987372262134,2343.9510414461993,0.0,normal
3.2811304803687116,589.4647187573872,2196.987612932201,0.0,normal
2.0412461888853515,563.7324683023072,2126.0974271171435,0.0,normal
4.2929126937208,539.3307050005324,2041.9362508804668,0.0,normal
2.0431130417508196,411.6280859308937,1572.6876791224672,0.0,normal
4.201886176370196,473.0048103174836,1756.4164084854278,0.0,normal
1.1530719214783398,377.677976993807,2246.00202705148,0.0,normal
2.5089177880724787,481.6849528946705,613.0925300330416,0.0,normal
1.6624474097735804,622.3948753146004,2391.5778280065874,0.0,normal
1.6491649143860776,443.3605408785277,872.1043344526263,0.0,normal
3.2628142499451225,550.5589241835875,2694.332260051241,0.0,normal
4.243461378650544,488.99945012989485,1924.0244382640071,0.0,normal
4.314684497412231,514.945608966331,1754.6938829866735,0.0,normal
0.9907164493650734,532.2504660289904,2122.4486508563646,0.0,normal
4.6383509353157315,523.9857745849297,1493.6572183157537,0.0,normal
3.122239678477452,543.6235704801055,1912.8664827665373,0.0,normal
2.5755131905255277,507.8964045668084,1846.4758295374493,0.0,normal
1.4283716434439224,463.6426705084971,1401.233844367419,0.0,normal
1.940356467935726,514.552119776824,2882.456902775386,0.0,normal
4.696029634026082,512.4285694850851,1539.923884271157,0.0,normal
3.286595863099991,454.13613638989153,1722.3634559934142,0.0,normal
3.5091685760246243,545.7805609925784,1085.7970595790184,0.0,normal
15.082130009520158,10247.95913830793,52.82000542554511,16.0,attack
1.9236489507097962,534.6117328797723,1927.4831542357888,0.0,normal
2.3795075001902193,390.47294811571953,2578.6222738655124,0.0,normal
4.083630119708858,414.383015933825,2192.483208023817,0.0,normal
4.108272353020216,343.85067775581405,2624.8552100921593,0.0,normal
3.552935737409569,515.8089225323184,1900.9701183905468,0.0,normal
0.6438906840774428,689.8734981355238,1462.4484759416223,0.0,normal
3.3179744751358795,433.6563842780512,2474.6482491876577,0.0,normal
4.42384020519596,373.7230224301436,2198.8187508881397,0.0,normal
2.4793895283310494,499.72138893330987,1812.008210324067,0.0,normal
27.09724284640857,6377.338654828755,54.01429659367462,21.0,attack
48.61832713759214,13918.302371133539,63.66746736694397,27.0,attack
1.4303108124592856,559.2329547013343,2181.271545546481,0.0,normal
1.3566689989821534,552.0689496422668,2342.357427024946,0.0,normal
30.101267370283004,12039.395254487456,53.76388561889199,40.0,attack
28.305065303577642,10371.368450950724,41.47427411253501,11.0,attack
36.71024100794142,10990.28462942575,26.29114626693562,21.0,attack
1.1676735158494516,569.0073676336613,2051.6909981060476,0.0,normal
24.290836879841805,11621.829871219003,57.76293590747322,41.0,attack
24.640615503675036,12046.062893032733,41.61376326400469,21.0,attack
2.844824098963026,501.56977959577586,1770.9315050791402,0.0,normal
2.946656861452079,411.99880183092364,2199.356400895172,0.0,normal
43.44451219710751,7350.035341482623,50.81124583418503,11.0,attack
3.2002882058681448,325.27783330347444,1217.5130532791104,0.0,normal
27.192707925655277,10087.14476479051,55.888319515419475,42.0,attack
2.869152599587124,438.8614752611372,3049.7037602512546,0.0,normal
36.16673247967729,9774.777607724232,44.18556913657243,15.0,attack
1.723600334804949,477.81117287077313,1130.287377883861,0.0,normal
4.55495879386257,410.94311894089856,1651.5292699309516,0.0,normal
2.156040305896171,653.0195198863352,2614.4282751002797,0.0,normal
3.644873945539069,437.13297529691397,1788.752052283783,0.0,normal
3.921390174702357,287.1265905585188,1884.4702315795507,0.0,normal
4.814645487525255,302.17747506251897,1598.4445830233428,0.0,normal
24.182712844646034,10015.989953076441,45.64806667802207,25.0,attack
41.47960333539301,6854.001965148381,50.62431703327443,17.0,attack
1.368021909840083,522.2289855800855,2406.6402030322965,0.0,normal
2.2492155540289933,381.30066116942555,2001.5300583692865,0.0,normal
1.0890819154024471,472.24557436844486,1781.8684839099856,0.0,normal
2.842802849828075,657.3734216555106,1663.803207836749,0.0,normal
3.4331183879133276,667.7377087805489,2370.659908453957,0.0,normal
0.7454709899273534,396.80337161528206,1781.7425683672282,0.0,normal
29.864952562526852,24726.2314496755,42.0217787855722,9.0,attack
40.78400605178929,13311.530711841511,41.84212274831428,36.0,attack
4.154780967378784,553.4207862374675,1961.567296498169,0.0,normal
45.523215290352205,2333.039555406348,59.03891400636002,37.0,attack
3.342253013159297,261.92608944765027,1523.421247622454,0.0,normal
1.0217936826464304,555.0797572273664,1807.755439479241,0.0,normal
44.03121530522728,8349.965656875569,54.66066748278604,23.0,attack
2.8830740568487947,680.6089117836962,2112.210019191125,0.0,normal
0.5263843696836649,383.18221721497997,2674.346599322756,0.0,normal
24.432273049830048,11372.341678182824,65.14247599980887,21.0,attack
40.71750206472045,8998.91666754172,49.48418742784422,28.0,attack
4.376493813874027,757.1995317494968,967.5673611581792,0.0,normal
1.3215319228294875,617.2756845267445,2679.648799682403,0.0,normal
1.453963631482683,595.7537163279767,1991.0689225561332,0.0,normal
0.5006192565494724,450.2429161614793,1897.8221366771759,0.0,normal
3.486173482422383,633.9326589479999,2171.798767589108,0.0,normal
0.6873402999350458,641.8531345148036,522.8755293789843,0.0,normal
0.15310449225346198,505.16609768510796,1139.4612395197653,0.0,normal
3.211958889251455,449.8215807188468,1666.33330939176,0.0,normal
2.634618376563886,507.81177352360163,2689.0713402488063,0.0,normal
3.3436478294899565,546.0042323860466,1736.7588226025384,0.0,normal
16.993476618648447,15179.581047160169,44.628357376116796,28.0,attack
4.530377603019367,549.6873590507597,1357.200442973614,0.0,normal
1.3119675475135084,533.7955554145025,2031.6916963188592,0.0,normal
0.18600658049648167,434.2865037721942,2160.792270186378,0.0,normal
3.20244174041071,451.58815054151825,2204.570461387997,0.0,normal
1.9049013475923215,448.33858012398923,1090.474492348726,0.0,normal
40.93568898515089,6707.632023693721,63.45875003177717,18.0,attack
2.166432541679932,408.7189080703487,2115.8654710151964,0.0,normal
33.92775514071574,12359.349739383379,45.11726275303312,24.0,attack
0.324135965681313,475.09281553469594,2214.380629440382,0.0,normal
1.3569973059768143,463.10605609685376,1145.386800398702,0.0,normal
31.696405147132346,9448.176203540701,41.86875906153614,7.0,attack
0.16177684788121932,591.041849968557,2445.8502905347877,0.0,normal
4.8586394461046005,570.7457710864381,2542.238762428644,0.0,normal
3.3525694622603868,314.6981517102431,1733.2737771120499,0.0,normal
1.3369410272857019,411.47513138757773,1681.095653570032,0.0,normal
1.0355402668510534,466.0688812861841,1718.4594614738132,0.0,normal
2.702730687205057,580.8919269392719,2205.191638393446,0.0,normal
2.8163348573058635,398.94017800710867,1831.0924529042984,0.0,normal
2.174342206350668,406.3407993756358,2167.580283267559,0.0,normal
0.4931453537420468,479.747577293517,1903.195244482246,0.0,normal
1.188171766397271,662.3256690528053,1748.1388315852732,0.0,normal
4.453177994312538,226.08597938625275,2290.499769980846,0.0,normal
4.355206667339977,405.1251304732,1808.6107991452207,0.0,normal
26.940963692040903,13504.861613519828,54.30739933981851,7.0,attack
40.43324120077802,6850.149840721551,61.169794276401284,10.0,attack
4.76879358331228,777.9963624223556,2070.5572483527967,0.0,normal
4.653217462796084,476.9413601476387,1312.4573834164576,0.0,normal
2.778808842153438,493.27225350864654,1477.152514561044,0.0,normal
3.593925648108162,529.7462053117816,2090.1525256687514,0.0,normal
1.4957184224495914,521.6624975404619,1771.6511924883769,0.0,normal
47.323762924394174,12472.612460243863,56.665425319826305,35.0,attack
1.432553658030292,490.8043217395734,2335.508902458885,0.0,normal
2.4717008052960803,511.71242161498515,2503.5589117061863,0.0,normal
4.386038196152577,414.3148134872201,1461.1396271041992,0.0,normal
1.5519097902343517,527.6581505591049,1876.7144728702128,0.0,normal
44.19113385182317,-171.77933942181335,44.689408296213244,15.0,attack
3.510546003707368,485.297457656915,1118.3816505482573,0.0,normal
1.496966326599851,548.7560297086718,1889.5341375301937,0.0,normal
41.669315719986116,4766.90445953249,29.760683890170554,26.0,attack
4.78206611017918,565.230615161023,2560.468256203123,0.0,normal
0.8568527613942866,493.64264608138785,1784.786150599642,0.0,normal
3.8001725528007335,824.3092969594734,1642.9674410089106,0.0,normal
3.1177296220932926,403.02562803653257,1599.2580390844967,0.0,normal
1.46592337483131,504.7825319784683,1612.1968192811985,0.0,normal
1.3622753796352374,428.8537805916295,1759.8927829338004,0.0,normal
4.041628892419619,494.03456880078085,2091.457281810128,0.0,normal
4.481086098027759,514.5836470215384,1705.373134602466,0.0,normal
1.1585870942970382,331.5332422773613,2635.9497727119715,0.0,normal
10.50570405600074,-100.28207261612624,69.42577178830632,13.0,attack
3.2168706274067573,477.2893992219074,1798.1482830010466,0.0,normal
3.2776736185815722,491.291527385685,969.2972879885476,0.0,normal
3.1288283782436896,408.367908092658,1671.482381491338,0.0,normal
35.66746031899199,4163.952571928205,51.016077186900105,17.0,attack
4.1501002635381745,596.4769894302445,1476.1125269304505,0.0,normal
1.308726436155953,607.1080500402805,1257.7804659032868,0.0,normal
3.5641847885330096,562.6434672453944,2466.5333028604928,0.0,normal
3.2083820754712673,400.1559147123282,1777.1023430865914,0.0,normal
3.1608514873858926,637.8469627461504,2153.519618625911,0.0,normal
28.729056163705295,9496.520635914116,65.42888105539119,20.0,attack
2.0776449115717974,390.2856350371186,2107.055491143067,0.0,normal
2.3303427594949166,434.546642900169,2599.1126966006436,0.0,normal
0.8201172769822275,461.20350310925477,1370.867685316356,0.0,normal
27.59282951332977,12618.638827069268,44.75331219434636,41.0,attack
1.8570344614718788,341.43742932304076,1609.1639638265563,0.0,normal
2.330578730500826,391.3945417881914,2471.857752878022,0.0,normal
1.0593765604675527,480.2062271015318,2507.9686117817782,0.0,normal
1.8178790381523253,336.1970942563983,2082.6200250324628,0.0,normal
0.49256274728490823,510.74443743408926,1395.5705676896391,0.0,normal
11.264600450849684,12532.671956929587,35.17523484636357,30.0,attack
2.6550838763135887,509.1093606255913,1896.3419519958777,0.0,normal
3.323441992554877,672.6226545635633,2346.407605150461,0.0,normal
26.802506783177883,22730.27267971396,45.37370723407109,49.0,attack
3.9734979919469366,570.7032359610785,1296.6402837202209,0.0,normal
1.6057208281388045,566.536893503283,2163.585276438895,0.0,normal
0.3831247488821965,439.19938570626766,2231.6507551171153,0.0,normal
3.086865236501495,610.0821398422605,2228.1247442642666,0.0,normal
43.28248387016603,16317.695053982541,51.700102189802095,9.0,attack
4.224961006115533,410.9682151980128,1971.469354284422,0.0,normal
3.8294955315114745,330.77291683566716,2147.8327757409998,0.0,normal
0.5872628245207914,570.0700612120584,1685.3896635763188,0.0,normal
12.935360666080342,13280.581009301353,51.215030098189345,43.0,attack
2.6178868746131623,410.46456263408,1570.8919841141867,0.0,normal
4.823685294876741,462.5465849249749,627.3502231638076,0.0,normal
12.28718618121066,10487.086715321562,20.881960552827344,49.0,attack
1.0957931463218278,593.8640022678944,2107.491408727274,0.0,normal
2.2165305913463675,353.3214809384323,2593.5388393708777,0.0,normal
3.3062758269143266,615.6006669451127,2216.5319733706597,0.0,normal
3.043190226086944,465.4853118861973,1681.5617628967834,0.0,normal
2.6385859545701957,584.3839509641737,3006.7771473243497,0.0,normal
47.27154172204696,11158.363420975304,64.59160994188692,14.0,attack
1.5270227869704056,449.8597853114363,1517.6051311851572,0.0,normal
2.6602998873193835,463.47191417961153,2442.788540847522,0.0,normal
4.672255323583433,359.5760433738411,1838.2425266077714,0.0,normal
2.5138286605650615,428.53193230095684,2354.7054902933023,0.0,normal
4.791495293286672,350.596220671025,2495.963154943477,0.0,normal
0.468175130505463,663.8359732270941,1632.919066939493,0.0,normal
0.2161679928581401,263.2522346626722,1903.5969563462938,0.0,normal
4.168077336378259,426.19429163386087,1459.7963353607493,0.0,normal
4.886321609702231,319.29586050681837,1802.4765739152162,0.0,normal
1.8708785174292133,328.9396645563486,2485.965171720317,0.0,normal
4.161528492824786,403.3843276629583,2003.7800901970666,0.0,normal
0.42955397844010246,568.5290084710967,1948.6757132746843,0.0,normal
2.7546287249110604,597.017508256786,1603.3894013964828,0.0,normal
34.200122453521324,14345.156377654199,39.48670981976721,40.0,attack
1.9228886203846378,446.8545448640785,2171.053019825209,0.0,normal
0.2555444503276443,555.2905228599482,2981.776416771908,0.0,normal
1.6753289361146217,485.51214380521134,1361.2816980773287,0.0,normal
3.0112405052254623,619.1707497107064,1649.355214604225,0.0,normal
25.62062790737576,9195.475308617006,63.4133006954968,15.0,attack
4.2086099858308215,569.8815670280476,2004.6134964977346,0.0,normal
2.9703003482399706,547.5430682526624,2234.2700807730344,0.0,normal
1.2860205777263847,444.69101830858676,1855.9248687887418,0.0,normal
4.2554062390472716,539.2913510548217,2121.9454708102253,0.0,normal
4.238862954542099,497.2615679596256,1661.9646423531954,0.0,normal
3.4026976033880842,613.5947845943822,2759.668175545322,0.0,normal
0.35653959891861475,644.1942401952601,1649.0213508524391,0.0,normal
1.1571293279646253,503.37190549010535,2147.597684079418,0.0,normal
45.563849708649585,5573.367838909698,48.05415336960332,32.0,attack
0.12138002128651454,337.4455966437939,2411.3412132870717,0.0,normal
0.8284473659902535,501.80168720444465,1913.812521273169,0.0,normal
43.180926620030185,9477.243057157368,47.1412774502088,27.0,attack
4.041742317629574,399.30726390548557,2493.8642579622997,0.0,normal
1.556724872505935,473.4439487481459,2593.713575841,0.0,normal
4.033981898130256,556.8103205128646,2042.7566648197994,0.0,normal
3.365288526533212,513.9497796147459,1521.9321485207304,0.0,normal
3.7792682321783375,564.0542935074774,2656.8910882859036,0.0,normal
0.3236788529616803,436.6768603285023,1874.4410826787796,0.0,normal
4.761973782143273,380.3334407715604,629.7867889825343,0.0,normal
4.435790076710421,525.6750798661787,1835.8395286547202,0.0,normal
4.052658759831401,647.1585082569894,1923.990547183651,0.0,normal
4.16403385780835,543.1631629637598,1595.3266576025599,0.0,normal
1.5893183100496342,609.7220191606439,2216.874842980481,0.0,normal
2.2697108690643137,555.10170602263,2333.609469652264,0.0,normal
3.005405680724346,364.14259847425257,1733.928054913449,0.0,normal
1.806451788414172,606.977145498385,1192.0767645165838,0.0,normal
4.554259351261641,614.4293068559939,1472.3379207037701,0.0,normal
35.57873757968415,6804.67333583992,45.38024402028716,33.0,attack
3.3276680999542934,542.0699631018479,2208.547662211623,0.0,normal
13.278751103739621,17974.601040430076,39.14858456837667,19.0,attack
0.958586683318554,519.4333463338234,2229.158969562721,0.0,normal
4.15160694876649,752.9927749251952,1858.9375284311325,0.0,normal
0.6677583916731357,374.50773319977077,2138.7762567467657,0.0,normal
13.997476262744781,10968.350091740844,49.62282050234409,47.0,attack
3.7352920020977045,670.7329809559224,2458.8840988975685,0.0,normal
0.1370580873928964,394.48923245195505,2596.8058775862937,0.0,normal
1.9029096813802142,479.51233361352826,1816.4626769909084,0.0,normal
3.7732939755403314,522.7034478864889,1971.6057020568614,0.0,normal
1.9668572409751597,497.75639480194263,2312.4089115269376,0.0,normal
1.9292156497707897,659.8538112096342,1187.4393705587377,0.0,normal
4.621510233515632,616.6370545669253,2217.605764144801,0.0,normal
4.267850472561785,436.9975020466106,1287.9161999062003,0.0,normal
37.381777321252954,7487.067430471574,51.51216221337547,24.0,attack
17.408933233237516,4162.495880596429,28.713508754814804,34.0,attack
2.4340450931753845,410.92511364477366,1729.35045251888,0.0,normal
4.93453393465576,477.2523740046592,2127.3655686901047,0.0,normal
0.5341630984514274,505.8370290817896,2293.5287672972677,0.0,normal
3.0554453363853025,396.0193468973116,2005.2728558705128,0.0,normal
3.002516610107475,534.4053921563467,2644.2168112516943,0.0,normal
3.113563543390447,380.2033570782738,1846.3768871691343,0.0,normal
4.502915523782688,331.265565288929,2331.823173516421,0.0,normal
4.837542949016498,349.14440317871436,1441.7745724079764,0.0,normal
3.713387820276319,653.6156772854945,1556.680415397701,0.0,normal
33.454565652918106,3124.2530397984847,57.9068621002584,5.0,attack
23.543438877662943,14272.18875570278,35.16194144966677,20.0,attack
0.8949436883341488,439.48437643940025,2010.06056479043,0.0,normal
44.35649304382566,9756.118677496916,54.97217980453193,23.0,attack
42.58031872522126,12567.606846273677,45.6787895687058,37.0,attack
3.7883115338324425,538.3435031403644,1574.5124596592175,0.0,normal
3.946581064801579,485.67410846358075,2063.412342567481,0.0,normal
0.9589844175525323,330.9328372393548,2591.7745512908023,0.0,normal
4.4289773386316975,633.3885745500572,2134.387894574321,0.0,normal
20.605960088680426,13795.064852910946,51.045422455492165,22.0,attack
0.48503463605960173,509.9886954409213,3104.802788021189,0.0,normal
3.393464182288805,463.85372333060144,1441.03619598163,0.0,normal
0.9180701348612738,249.34284294632835,2167.658628198654,0.0,normal
0.48909226475084466,632.2744466885135,2976.529847769948,0.0,normal
47.8655490885981,-2302.1791104810254,59.07532300792697,16.0,attack
4.232298222160628,513.5190340987386,2125.5017715750732,0.0,normal
2.6713065149979656,424.7564762646965,2179.8404238431604,0.0,normal
1.9261737333603388,454.2366750662385,2075.8286360725087,0.0,normal
4.984683834045142,559.256727384733,2285.2436654317867,0.0,normal
2.218496509376402,397.6746776624416,2934.2635940365453,0.0,normal
0.4601340619170621,476.893052254232,1844.162057117383,0.0,normal
4.9571543691407225,509.7813293093307,1844.8015981220155,0.0,normal
4.328684473658473,445.49127700044096,1574.717305248283,0.0,normal
1.4486719870813407,492.56546702414755,1211.845501614377,0.0,normal
3.411532333009961,539.9469372602185,2799.0554478758795,0.0,normal
4.757602157672397,510.70574529922965,1859.07757530145,0.0,normal
17.891532348682738,9638.262624246643,62.21165750004087,13.0,attack
4.697747070391449,509.7155787086248,2066.749709530686,0.0,normal
1.5469234208349223,439.6161702506813,2011.9900095077965,0.0,normal
35.94887520619622,8549.847992669036,55.73656963276715,23.0,attack
2.933572690881253,514.098269961206,2045.5840733332195,0.0,normal
1.7979684229683195,658.2116751303568,2598.3135604136214,0.0,normal
43.34430234752961,5459.665146200174,49.861378654957285,16.0,attack
25.737926128945432,6422.4361693862575,55.98595091444392,34.0,attack
47.426205176381785,2396.3923518294005,44.1066343541482,17.0,attack
0.473572168070466,618.0989905305672,2344.1298553862066,0.0,normal
2.2151317765254293,414.3501762590801,2077.577671432678,0.0,normal
4.399603228606962,391.8085631286867,2469.867740873552,0.0,normal
0.512225545070976,477.9981972340326,2185.4338962355123,0.0,normal
2.373263746380431,489.8005283364068,2390.971267725959,0.0,normal
16.830182039847855,11586.813166276806,34.46543866336735,10.0,attack
3.8022005788609388,694.1217436463749,1671.6879646001476,0.0,normal
0.44017682945585757,567.1944607814497,1406.22341661248,0.0,normal
2.1704872987285286,495.37387827336573,2711.9769227705833,0.0,normal
0.6947934489810915,277.9578991064874,1888.3642057833451,0.0,normal
4.019290754141845,430.18003253889503,2569.075165483809,0.0,normal
3.5756720595157874,483.72962984309083,770.9152847254907,0.0,normal
4.9512638655108905,446.78314368728104,1876.0599404606685,0.0,normal
48.16925429905687,11465.786126614841,55.65738504453951,5.0,attack
2.192828164268656,587.6455645502936,1980.4279865158292,0.0,normal
1.8111269156020386,507.71564962177166,2589.4329685184694,0.0,normal
0.8841221886696509,365.182295457251,1458.991107479032,0.0,normal
22.983146366611166,5442.033117069271,56.09909122654644,10.0,attack
43.65233405998807,667.7592361826228,54.59475058969009,42.0,attack
1.5197821192774634,523.1445922525572,2091.4972248226304,0.0,normal
0.6930225023774459,487.1453706748043,2621.4134466634137,0.0,normal
44.22510726140935,7685.418102568365,45.61475494395018,37.0,attack
32.228141628812054,21011.216366864566,51.6768133344924,21.0,attack
2.447991200385682,419.77199728604563,2063.1562572934995,0.0,normal
3.3790812883965846,447.3468312903957,1982.5292497706837,0.0,normal
2.107181584986637,395.44705143259466,1841.4485837130171,0.0,normal
2.750434518806596,533.0113790470944,1968.3483886093316,0.0,normal
4.989877141613354,579.7843779895767,1606.4818605333505,0.0,normal
1.8016574912494872,676.6511800327634,2317.863263220275,0.0,normal
16.51386301116379,13230.416206059272,30.20670305003598,35.0,attack
3.2649944825248465,461.71828103870314,1710.5241213255385,0.0,normal
4.784631003698472,407.7587015156047,2140.6741737447887,0.0,normal
1.4905019384137501,373.55015930450344,2058.794314943601,0.0,normal
27.64574397476306,9925.279602894629,44.03376306016551,25.0,attack
3.340715994245031,434.43122805385565,2333.5327363641773,0.0,normal
0.3868995532954981,423.31359619954475,2053.6146442095765,0.0,normal
4.237349705424118,629.2745289518207,2412.9617915153267,0.0,normal
4.1409367330332305,401.53452151527375,1906.3863392465598,0.0,normal
1.4325355931503991,533.935581275622,3058.662072185477,0.0,normal
1.8660914529932822,367.9107717493839,1739.1166713504642,0.0,normal
1.6521322176308808,541.7465089821295,1616.7667844901061,0.0,normal
0.5931236447653133,419.4904818969491,2539.062697897386,0.0,normal
1.3571576401366827,355.47947355877744,1706.131015340051,0.0,normal
1.6986441984016194,547.3145453267787,1744.6580309021747,0.0,normal
38.20755915669419,18294.34847227665,63.22617841260772,25.0,attack
4.353897046449776,663.506639452752,3292.987587841948,0.0,normal
43.2455585774153,10514.071215775344,42.2322609081294,33.0,attack
3.8511790775277186,559.8099155047466,1280.1959346005865,0.0,normal
19.453040704378317,13592.058488883149,40.108454820070136,11.0,attack
27.521271325378788,13816.96539790985,53.27626217328415,41.0,attack
4.283546116352868,500.1109944687293,3011.0870500436895,0.0,normal
0.10766901543821723,574.5150864284817,2647.603536334822,0.0,normal
1.7444912259222294,488.5527628201137,3251.5858954528553,0.0,normal
3.073550082146682,520.0698694288878,1236.2693219406478,0.0,normal
3.0161452070378396,443.46070297145985,2342.8281962568553,0.0,normal
4.762304479866257,395.98012890445267,1953.1954883168169,0.0,normal
0.5595049786593809,589.005773247546,2027.3474326873131,0.0,normal
35.548936352680236,8936.400415345403,58.34055451849369,33.0,attack
0.8919806990636076,384.66675967942547,1620.1634911237234,0.0,normal
3.367552217397725,418.21081578614945,2451.760341901751,0.0,normal
0.6609894265229351,462.1240163396907,1783.670243301704,0.0,normal
2.2985987508504007,496.54493760460366,1889.717029866343,0.0,normal
28.109017065197598,6596.167767104866,49.483020606247685,32.0,attack
4.044942560628748,644.8820108337716,1706.6527056190637,0.0,normal
4.629541357344999,527.8348634644669,379.24308733543967,0.0,normal
4.098140000946224,485.84703626621524,2574.0454331987166,0.0,normal
11.990687863543021,11135.315265720748,51.5709865064383,26.0,attack
3.607542326942234,618.0128173741527,1127.6198061973491,0.0,normal
2.9599149480692732,514.9363482271189,2541.7915515549976,0.0,normal
34.461263784590955,-1779.5946246616113,60.03313312814902,18.0,attack
0.45653873118454835,625.92332397868,2723.47207319349,0.0,normal
0.7151960523370016,624.3405797187162,2302.7022523813735,0.0,normal
2.642696755885904,662.9642131112798,1555.5701509821627,0.0,normal
1.3707409968537632,541.8759960127496,2428.5791942116443,0.0,normal
0.18130315509972963,470.220384377604,2118.3585605131966,0.0,normal
32.352689396732856,13615.351620677891,55.634099508221325,17.0,attack
1.640344307274001,476.1889563687946,2991.8168262180097,0.0,normal
49.73443420218973,6136.8155517344985,50.33870549435244,10.0,attack
1.5604558223332716,551.0124361250075,1942.4058356117605,0.0,normal
0.10065999572197808,401.86740634825355,2099.10866386041,0.0,normal
4.536218145584712,382.61200355910273,1604.614540457323,0.0,normal
3.793953605278574,427.978797899321,1244.7269748152519,0.0,normal
1.6618872643671427,524.3657223702714,81.67222577031521,0.0,normal
15.62973453564613,12886.311836004597,58.20607475908671,36.0,attack
28.634869156307015,3756.682876186863,50.2002733980403,19.0,attack
0.5149728751890035,432.82792107419226,2268.589907270868,0.0,normal
4.3175798579560825,650.3419828428999,1471.7514646873701,0.0,normal
4.954327869622253,526.918092025516,1814.9887670813778,0.0,normal
1.8309319016601147,468.12516847538666,2230.207824921412,0.0,normal
0.9694009704015637,494.2092250123091,2094.31554078399,0.0,normal
10.350990202476712,12456.370103631414,60.61784766958321,11.0,attack
14.342525788112376,17392.569392867714,57.53601109159814,30.0,attack
1.9436719691014874,422.0147053778361,1551.170307362473,0.0,normal
0.15563285936035345,569.2855755817811,2752.531019304165,0.0,normal
4.335722909654984,643.1152117761741,2413.072808020258,0.0,normal
1.6088567137968357,499.18867983882495,1951.999669133071,0.0,normal
4.324794570925125,477.6527494763061,1260.9988723479078,0.0,normal
3.8958023027877915,530.9047443032654,1885.7637280952297,0.0,normal
3.0769697743170483,589.2953870108769,1858.4240575600622,0.0,normal
45.31222716753939,12543.816655246523,42.00257111889468,40.0,attack
41.73379311443904,8155.983674055657,43.126455656417065,8.0,attack
3.203678406901075,588.1407528923571,2452.4810207471,0.0,normal
1.575125781388134,623.3406076352669,2126.0018806009643,0.0,normal
1.0636025662694977,373.07088947568957,2717.0005018652305,0.0,normal
3.8785017976742444,637.7180936504561,1114.0516588767782,0.0,normal
11.605575526616407,16675.56333902049,84.28910478008214,40.0,attack
3.0729037272759943,689.0440685155783,2818.541203996371,0.0,normal
2.839390496238351,461.92365961381955,1366.684002446695,0.0,normal
2.219239603817647,485.84742466330516,1092.558085259297,0.0,normal
3.3280384968825154,316.3640216229603,1988.9849637415298,0.0,normal
13.076425549413386,9080.05669948518,43.14445428516495,35.0,attack
4.24109217233057,582.2066078032527,2108.277369189103,0.0,normal
0.7718375580720954,384.6507574015216,1231.1460957349987,0.0,normal
0.596962059401161,442.35804236651563,2051.2707199087613,0.0,normal
4.355493081899772,461.16530616988416,2179.5275467401834,0.0,normal
0.2475089738354628,327.42288751874264,1806.752554838605,0.0,normal
2.1061170957370785,429.5271564389116,2337.34748890431,0.0,normal
4.184855651328345,414.6067091539944,1626.2853733753977,0.0,normal
19.548032187959137,20089.03224396515,58.18548716439999,35.0,attack
2.9579367223315285,415.85504858709913,2027.3058914550352,0.0,normal
1.9187448748443754,463.4759022510153,2704.3097467229595,0.0,normal
22.100158414056462,2827.095695478256,49.199170017509076,47.0,attack
3.820533283900521,514.3306305000003,1574.9011270926721,0.0,normal
4.17531551401129,509.78271747079225,2497.207264103792,0.0,normal
0.8877234906367102,622.0282896417717,2903.815402835343,0.0,normal
1.8175506180021932,559.9103331863595,1577.1553442767388,0.0,normal
4.263272214319316,587.2197000072978,2309.1802831298323,0.0,normal
0.4808997211284257,536.4140296054661,1833.269653409114,0.0,normal
1.9236184168038155,580.8036189402071,1657.5064104281262,0.0,normal
3.319449441347126,644.6563291251367,2343.4137477264194,0.0,normal
3.4725437553231617,527.3118434293644,3078.1748158646496,0.0,normal
4.921490475003158,431.37208642449156,2815.064982437205,0.0,normal
4.921664499731275,444.682275465273,2438.3029399210895,0.0,normal
4.920026733790727,365.99279288760647,1862.052139279913,0.0,normal
1.0761548469808604,488.0380375631229,1592.657173381165,0.0,normal
0.8862668099290095,364.18250785224063,1733.6966216632518,0.0,normal
3.7137561157377674,555.3149156379209,2110.3154021535815,0.0,normal
2.096960852058911,291.4207561094996,1595.5180535370998,0.0,normal
1.5145993101764295,595.7791614472906,2209.3522891461844,0.0,normal
3.9657691117024356,502.91905039355674,2418.4955773168367,0.0,normal
1.8956615208698497,638.9024362962762,2092.4293270301823,0.0,normal
2.527907449410373,531.1652856004779,1767.462026899497,0.0,normal
1.8266372383873068,522.328091325537,1775.545806343497,0.0,normal
2.015439379937022,570.1494781924714,1258.8016065021156,0.0,normal
1.856482069866936,600.7443973195199,1871.4737955934677,0.0,normal
0.6701565773060298,644.3670319166238,1960.7046020155904,0.0,normal
0.13842379478239242,390.09552484451274,2047.7310206791483,0.0,normal
28.795596321657584,14217.751456110602,44.87506609119098,21.0,attack
1.2386831829746345,455.2038661550025,1624.6865890116221,0.0,normal
3.639037585126025,538.831200542345,2424.7922655233087,0.0,normal
4.0466072109252975,705.9845001737402,1470.9267843527941,0.0,normal
3.3274406392048586,524.7480547640105,1417.0129071597694,0.0,normal
1.589337366079547,542.7814395152903,2038.7926947431954,0.0,normal
2.7592108074754176,569.5202900083999,3558.8405646040237,0.0,normal
0.9131789869493465,541.5826629455343,739.1975992689786,0.0,normal
3.2172690870703406,667.3363946152524,2806.4890852965273,0.0,normal
1.8602435100588521,521.6683118964286,2319.2716586337997,0.0,normal
1.277954673178184,416.29098663849607,2409.2973091716067,0.0,normal
3.5762504367064767,481.5448557814055,2197.378694553997,0.0,normal
1.48108839638966,418.759765106258,939.9563924399129,0.0,normal
2.995082976788153,419.5033519147439,1758.0332775243835,0.0,normal
4.238292052821845,535.9475797547126,1336.8689190254215,0.0,normal
4.261194711421472,403.54622050898087,2304.5677595267566,0.0,normal
36.14260610724408,15561.462249458638,35.735360885762546,10.0,attack
35.18269580675087,4184.985711082779,40.79416774163523,35.0,attack
4.849582424533585,466.08777207299613,1451.1945088621367,0.0,normal
4.127114290522745,614.6440870400728,1669.582882094927,0.0,normal
4.6144068098435795,679.6665201675017,1699.7466822930182,0.0,normal
46.133640548271785,10826.923845119314,41.40561813204689,21.0,attack
2.003934696224694,360.7264527833004,898.5433233971407,0.0,normal
29.94179513325173,17631.079793981393,56.39737506698895,43.0,attack
1.7410375118197223,521.8534042410946,2282.394552953824,0.0,normal
0.6162881190291968,435.0635180386119,1408.4572423751174,0.0,normal
0.7823023184762163,372.64144514034007,2022.2848054446358,0.0,normal
3.322303172271683,550.5965553455865,2286.222653077551,0.0,normal
4.325582172859051,298.1512135611362,1797.9214202603487,0.0,normal
3.5743266824399207,512.6314199483201,1948.0937577985167,0.0,normal
4.145983662647268,287.6007181874364,2778.2080177858834,0.0,normal
43.171467101220564,3365.6122031648865,71.70452178944556,12.0,attack
4.762006070772978,439.8873447331153,828.4804491740797,0.0,normal
4.091887923078947,629.046074137635,1334.043444804457,0.0,normal
30.988301647290633,12669.90398709332,53.496497571474734,6.0,attack
31.3863826699634,11973.22041678333,48.51270412182606,37.0,attack
3.0169860030446967,419.7569960135163,2015.403567498975,0.0,normal
2.889949069793186,322.06010694927795,1745.0530235671836,0.0,normal
3.327716429762409,433.15450891468225,2158.043911054467,0.0,normal
4.724137804819082,418.7454229878014,1464.6667969049108,0.0,normal
1.1078675847582202,538.9604524091988,2312.7922968375,0.0,normal
1.4000980740217883,523.3042951529484,1799.9401693494344,0.0,normal
1.180185420802553,458.61050577251433,1433.4788263112691,0.0,normal
3.7156364256895706,729.1911266818686,2244.5652783246437,0.0,normal
4.823741351111018,536.6814043285442,3020.0669429984596,0.0,normal
2.9266011675502317,320.58081334505636,2458.88607527575,0.0,normal
0.24889659251450064,644.194500580189,2109.359133070744,0.0,normal
0.3539353304298919,480.4609648822976,2272.291200396814,0.0,normal
4.336828717104886,278.02220525481493,1789.2585014168185,0.0,normal
3.6669026041714496,590.7962313627049,1785.4813759536673,0.0,normal
1.0910454845702213,474.19544843888383,2381.89988618163,0.0,normal
45.469055325799566,12264.371633974457,62.9375315586596,45.0,attack
4.7114919814150005,292.2880146226126,2347.1631905746494,0.0,normal
41.425072171519915,15843.613971156183,48.58758178931468,39.0,attack
3.0779881471686976,575.4958766141965,2289.5381504377515,0.0,normal
18.155459018420956,2484.2246520019908,54.60197681230041,11.0,attack
31.57737421951744,15787.598029049788,73.44053778832625,49.0,attack
3.6947104647508704,560.3790520277894,2311.6711503374145,0.0,normal
4.159922429739798,456.770482089267,2443.9019677894244,0.0,normal
47.80645828711587,10773.242716183126,52.909134015923314,49.0,attack
18.773127361236767,10478.037720562888,45.318754662038096,35.0,attack
4.845832925329471,369.5410556199528,1943.9367781943276,0.0,normal
27.684149848311158,7241.310740838536,58.64584791751771,49.0,attack
15.822710346100045,4566.819055573591,32.697778738545146,36.0,attack
2.3018137359942465,400.7421993271177,1417.3990000173558,0.0,normal
1.0784015325759628,421.98008708825375,2021.5154866606408,0.0,normal
3.974543507710922,557.1179406219209,2039.8247913069624,0.0,normal
30.558660500905823,14303.427106843152,34.94934143096295,43.0,attack
3.1145752473319535,660.9520665775973,1935.8008670411955,0.0,normal
4.322285428557992,396.8974724852693,2061.7095667504805,0.0,normal
2.766573446268141,630.9865169433534,2488.0693450334606,0.0,normal
2.5530589135450477,473.82417097789056,1467.0986443256209,0.0,normal
0.2471274261140248,436.97507049955635,2122.617923947118,0.0,normal
1.6901078208591764,611.9687778553381,2114.2410888590957,0.0,normal
1.7529931791685542,350.6490221746857,1726.4041055587545,0.0,normal
4.068384784687711,427.1538378319657,1491.2076113933122,0.0,normal
2.297383057693767,519.4051943605874,2741.8719551018535,0.0,normal
1.5469772401019808,619.6910948761353,1770.3898010053797,0.0,normal
49.33030443846279,13501.049237593827,33.015494315997486,10.0,attack
0.6023282239257248,534.9923715249392,1663.2301760513785,0.0,normal
4.42028399803319,508.40943882501966,1966.4949791373895,0.0,normal
0.15694064554969311,625.5403609459896,1700.8603329010762,0.0,normal
0.6687559384838896,478.6543220649562,1612.8980908235499,0.0,normal
3.971149137904601,558.7855888137735,1756.6618385592017,0.0,normal
1.420608125232136,528.3053162258653,1956.9189479502527,0.0,normal
3.6847886566011265,551.4062552424775,1711.3856371447146,0.0,normal
2.5651113588211985,533.8357441935959,1592.9233717011982,0.0,normal
2.050225935477064,567.2293408040402,1400.3978374521785,0.0,normal
4.701431722713191,474.36593216275077,2311.472015206654,0.0,normal
0.9543955021244581,557.4071220894001,2697.7170410995927,0.0,normal
27.384094748719676,5173.018949335388,49.752645791975986,49.0,attack
4.173730220489978,500.62731561844186,2902.7084232098905,0.0,normal
1.1114642316269558,635.107289241314,1759.7127933987626,0.0,normal
4.463006634374709,595.799394148002,1456.053493945371,0.0,normal
0.40513821882123957,448.60993733511566,1549.9198860631686,0.0,normal
1.9176109399730497,622.1294945685148,2136.830059606251,0.0,normal
47.04325387147675,11352.567377332001,54.27676771009929,43.0,attack
0.4412416259957882,325.3104308654445,2303.381075103204,0.0,normal
0.1593052722029264,436.14141748549696,1729.113381994199,0.0,normal
2.1981023267548405,543.5975389500046,1613.9038060978105,0.0,normal
2.5123948520057917,612.8239783268838,2759.21101532609,0.0,normal
2.8512744810016666,428.6415330092824,1711.2328679903935,0.0,normal
4.755303638548944,590.4017554761315,1708.1389332186993,0.0,normal
4.314599746227103,451.71724091930815,1733.497959086833,0.0,normal
3.964213326894792,524.8325142515882,2366.589658711279,0.0,normal
4.449750495515668,370.6492374795904,1588.5720492407838,0.0,normal
3.6248327496088772,350.384118683535,1216.5203144163236,0.0,normal
45.549431575465015,2296.2109584231885,52.594199912631595,15.0,attack
0.2098868568940701,486.69968360699363,1075.9449438057318,0.0,normal
4.882467734068147,436.85629725168167,3027.0462207179876,0.0,normal
3.710681350226493,381.1036580465038,1774.3905865280617,0.0,normal
4.304314027935423,497.81432525578765,3149.984562193237,0.0,normal
45.07955323895942,13113.84562613775,42.55756633044429,29.0,attack
40.760929551305914,14729.70480319719,60.98235803523426,43.0,attack
2.5919963867070437,504.60027472532744,2005.940217258896,0.0,normal
0.375886050841003,401.41961913321734,2081.3983090499564,0.0,normal
1.5326772410197465,447.1053237275301,1165.6430688269352,0.0,normal
0.32161371566163655,334.3376792322226,1704.3026350809764,0.0,normal
39.58204594939971,8664.981191164841,43.77269418996252,23.0,attack
0.4071791459471428,492.00915473374505,2031.7709522804687,0.0,normal
22.31774830647728,7582.609325028116,64.38195585208749,44.0,attack
3.2743054853535893,641.202687854325,1751.6744739358767,0.0,normal
4.856315072507746,464.1755622092492,2153.5015300026807,0.0,normal
0.17046908575321662,399.21320867778695,1760.323028671958,0.0,normal
4.931405212732067,578.2130001531459,2152.832784321298,0.0,normal
1.9120849543371656,610.3217572053658,1718.3951329786898,0.0,normal
21.382433590464103,12366.085329059915,51.69685090857751,49.0,attack
4.723718008821234,517.6189822502693,2153.1737669660115,0.0,normal
1.6935348617534356,479.4233006322828,2226.610951141449,0.0,normal
4.640279363291323,487.7942867878723,1164.1193633359164,0.0,normal
45.02613550698344,13837.545409086488,54.52496456102682,25.0,attack
4.652809114337268,744.1221722471914,1809.3813563635633,0.0,normal
0.2830061248711506,458.6384334370357,1872.7619616773293,0.0,normal
0.9355682060677285,682.9620201716087,987.4800431619135,0.0,normal
1.9715042342991902,511.5824587226946,1974.3820822339042,0.0,normal
2.5392812893680223,565.4431027105621,1446.6335061352745,0.0,normal
4.02846760704198,384.3584183256143,1809.4311516632906,0.0,normal
4.940149049052947,500.1619031356941,2065.5596623375736,0.0,normal
3.157592579092014,528.4754593385568,1038.391856895124,0.0,normal
2.209593758464817,402.7235483239999,2180.3778773319173,0.0,normal
0.12603603077489514,561.5967006046839,1413.184803726601,0.0,normal
0.21914823551412382,361.4012057601002,1082.115621911455,0.0,normal
26.709447780462504,10119.731912246307,27.716575600502196,33.0,attack
1.4753477560282742,359.30565994868306,2370.062832052622,0.0,normal
4.432611670407198,559.2530307317761,1773.6549257452334,0.0,normal
1.6909120417612942,641.418728833109,1938.0538183823996,0.0,normal
2.910291862132309,494.5221639661175,1974.022614549611,0.0,normal
4.3774345957944005,501.2828643543685,1929.1456391490879,0.0,normal
2.942435289880328,472.48785717449533,2032.3956750616906,0.0,normal
1.1741485380544172,528.5803286794733,1983.7594820789527,0.0,normal
26.977355554303163,8035.99491559429,52.55944377078347,38.0,attack
4.45864462411444,514.7298000389084,1740.9329716665713,0.0,normal
0.6489906206234565,402.98757396203564,2108.8591005435833,0.0,normal
4.531362897469901,495.8708638215339,1661.4944116048282,0.0,normal
17.845573989354865,3168.9420454888696,67.53375198724316,30.0,attack
1.0165143679318647,453.7060487974742,2034.8521347146402,0.0,normal
30.813853474862967,13266.841918979428,57.06955009920542,26.0,attack
4.178968939922067,405.4253939303219,1758.1706812812158,0.0,normal
4.408718056824522,622.393634423789,1507.5269374414838,0.0,normal
44.0515535719006,11634.554321195874,41.03666667028004,6.0,attack
28.928601196724202,14629.830649261148,44.6991041399513,29.0,attack
4.582835512080198,549.14294527202,1684.9285849288267,0.0,normal
0.3683320302279536,550.6240989305926,1506.067044930114,0.0,normal
3.1494819966245062,585.8139070934016,2348.5254894198633,0.0,normal
24.844466551063526,9022.033815753874,58.22110847282813,33.0,attack
45.00748853834916,3353.204705329681,37.18585020221974,7.0,attack
0.38500259797683145,375.5457499915277,1115.9215441233841,0.0,normal
33.294822526333945,9603.018093072531,39.4867818576077,41.0,attack
1.5767515834042964,537.9639648385966,1757.1606277124765,0.0,normal
28.50135941513202,9613.573812668523,58.269460609427995,8.0,attack
0.5036671235176292,599.4447375508907,1907.855499083644,0.0,normal
0.42344823628718375,529.8797780321762,2496.314051489715,0.0,normal
4.207329063300823,397.2076234989261,1272.5539173553448,0.0,normal
0.42567029630373343,529.4719252902302,2196.6475690832403,0.0,normal
1.9640580367870557,344.12130049761583,1504.4544323341931,0.0,normal
25.22303765512428,14715.96651738897,58.9824457285623,11.0,attack
2.9286672432423435,412.415759350489,2210.1342645282807,0.0,normal
36.15158603346892,12458.698203781103,62.70845621075548,25.0,attack
1.84106676752205,392.0467147833961,1461.5227295610268,0.0,normal
4.727798055202086,493.8902491994132,1685.3831183062903,0.0,normal
3.0520022656362804,461.2370167336754,1062.5671722491445,0.0,normal
4.032937530529355,529.9085734021106,1410.7136076149131,0.0,normal
0.31432145431384206,438.5461216308905,3085.9013336983007,0.0,normal
0.7328811342423255,533.2607510324198,1295.5404486547377,0.0,normal
4.845595010212481,663.5797806135815,2833.331629613762,0.0,normal
0.19834886911085922,400.6641300418049,2072.1550097175395,0.0,normal
46.2382083899753,10731.073981887796,61.26238188436383,35.0,attack
2.152087263463391,479.93607011745684,1891.9992892134433,0.0,normal
12.082095934692285,10869.617559875762,56.184623923882185,36.0,attack
4.10714811629903,628.8075724852378,2147.6123791726213,0.0,normal
3.4810239650212624,402.1500454133394,1417.6683257438026,0.0,normal
4.580618535032303,422.26285151540935,1033.9674207400203,0.0,normal
3.473184590611471,546.8978078148468,2373.011976491408,0.0,normal
11.06772634347417,9069.258905171755,37.15628024490801,28.0,attack
0.932416929648603,510.8014120979501,1495.946746619786,0.0,normal
43.299578976777944,-4968.533013303113,37.754430597749106,22.0,attack
40.85254532900056,8738.232590045547,46.52010450404417,20.0,attack
2.695287833944432,471.56153503934905,1588.9171966552965,0.0,normal
3.420065373027184,390.783636728191,1312.1829556068192,0.0,normal
29.540734157233047,6362.730376384408,60.75103453808939,31.0,attack
4.829081612536623,578.4002779310748,2314.869757204369,0.0,normal
1.644922655369991,343.4351968394404,3038.6717197849766,0.0,normal
2.974381469559823,659.2669998282884,2206.5737379763113,0.0,normal
13.091739726018634,11017.410017261438,57.86017290814208,20.0,attack
2.914009117942034,450.08610485296344,2319.4784071063727,0.0,normal
21.597483746495115,17336.87994163839,50.389158280173305,25.0,attack
2.7146524789617046,484.2253016768515,2429.8153934274233,0.0,normal
0.20840540249208656,530.7403569719688,2327.6168142568804,0.0,normal
3.9398997624316014,268.3856137031123,2083.2465635575622,0.0,normal
1.0595821122579232,492.97796384823835,2467.327353668312,0.0,normal
2.5629217562154416,513.9060398653418,2416.589715635091,0.0,normal
1.6530382801764847,461.75476023307095,2867.0209772113094,0.0,normal
3.618803073509823,503.5566074032994,2399.283336555295,0.0,normal
4.371739476301788,380.5477060233965,1839.1236480048958,0.0,normal
27.494451662504588,5532.095160109946,56.96189715826246,37.0,attack
25.717777574934395,14087.672549226489,50.20590177234679,38.0,attack
1.273853264268165,499.9686327388225,1513.8508776325825,0.0,normal
28.085562204897897,-2150.6118786367806,62.78873764700375,5.0,attack
20.9281402420093,6115.689506893039,37.334611710550284,28.0,attack
2.1408717163290074,415.8178368131848,2560.3428532112976,0.0,normal
3.400862545627048,457.31958050647427,2882.4129418958682,0.0,normal
26.005982156233806,14602.547875328393,29.849915604929095,39.0,attack
1.9109135771911887,415.0279078522304,1590.3292036327132,0.0,normal
0.6448676633001416,482.0906714983844,1596.1747211266174,0.0,normal
0.4195024971764111,583.7830535229481,1393.671433688343,0.0,normal
2.343852072726737,582.6403317330524,2237.3710524199455,0.0,normal
1.5926074689495167,346.49597524676403,2373.722485713528,0.0,normal
2.3211152902653356,491.19087559709266,2488.9237823271656,0.0,normal
0.3478082087387214,434.74717067833546,1520.3225196759386,0.0,normal
0.4028614573771909,518.0294880503444,2432.837325583685,0.0,normal
0.6548664246197008,311.0350707903847,1809.981576855323,0.0,normal
0.23312036400524314,517.9914369546417,1580.8190599995962,0.0,normal
1.8094545060606773,390.26316810289336,3432.6060115429814,0.0,normal
1.3511482314398964,337.4507729800167,1188.0410787150163,0.0,normal
45.537268205763844,4647.658784899644,63.385195085812725,30.0,attack
2.5574298439672782,490.2084753557096,1537.8213331848124,0.0,normal
3.6801875001723063,620.2451247983072,2571.103696442779,0.0,normal
0.6161928739585326,497.56014327638434,1385.252421145956,0.0,normal
45.24756947577236,13211.391283355159,57.56727002853428,20.0,attack
46.59263903059923,10968.99356883546,51.35282508552318,27.0,attack
2.5529574986580674,567.2389337611382,1582.8131938524393,0.0,normal
0.45170145050991384,323.0949696260601,2286.235705889868,0.0,normal
0.9783409531224757,474.1061203421609,1612.8650387979726,0.0,normal
1.1051842383618353,401.50068741829847,1943.2187176047742,0.0,normal
2.7494225355600608,444.2869427427769,2078.5728918512673,0.0,normal
2.544551951911645,472.74552786381906,2097.477546206094,0.0,normal
4.635285713243204,536.3115627744523,1769.8466187128183,0.0,normal
3.8314020954156143,460.37703218982404,2084.873883985331,0.0,normal
1.0046990410021093,606.8792321394292,1599.8533591963117,0.0,normal
47.14425318308078,9378.495305607505,51.66338865950656,40.0,attack
2.126849107101313,445.4813755273678,1880.6972341426863,0.0,normal
4.670369568434665,602.9457481598357,2374.872737719174,0.0,normal
3.359466381411381,569.2857584237437,2083.318947655919,0.0,normal
3.5013378101981725,448.746588935345,2695.7289834779713,0.0,normal
0.1256251063602724,457.61099576776473,2575.832791523738,0.0,normal
14.062264137167153,2981.918944640949,44.13029013979536,7.0,attack
2.457586499088606,559.1349241758401,1557.0146330511116,0.0,normal
3.2832685800626056,494.2482246994537,2338.2537382199876,0.0,normal
12.062194930650051,8159.708589281597,56.495813316461735,28.0,attack
3.386588328338587,561.3770855789909,2162.390797055057,0.0,normal
1.0213211996155391,387.84698525749724,1654.8618833813975,0.0,normal
4.048001175774268,368.4558692950154,828.7608311673264,0.0,normal
1.2451892013611219,381.6943815265611,2507.8139419972354,0.0,normal
4.037065442154735,279.1719223771748,2001.091795418518,0.0,normal
4.047679146280376,635.3069160166408,1908.5492162880366,0.0,normal
3.422279147539412,457.6401418271823,2726.9201185609427,0.0,normal
1.8487412783384403,503.17594565814505,2308.7143154636624,0.0,normal
1.4009323964024545,470.7314541024723,1342.280867056369,0.0,normal
27.868862239594947,10377.04564462333,74.85313924533686,5.0,attack
4.211086905818252,419.78005919648206,1473.8352651984023,0.0,normal
3.0186298289784372,599.6118214911129,2362.540522223754,0.0,normal
41.10570278710756,7302.851031107907,29.615534751178274,37.0,attack
1.708079465708299,630.9444101402648,2149.835988668963,0.0,normal
2.187994065965931,438.8822847980673,1409.0022390510876,0.0,normal
0.5967271980104799,392.36188125979413,1867.085817176504,0.0,normal
1.0823251260891738,500.7362681423567,1827.5084190214664,0.0,normal
3.8453315935384946,525.3737296774833,2194.3236230166553,0.0,normal
4.765886749918214,385.66610089161395,2336.566846116484,0.0,normal
1.2043682132331528,609.1805339074646,2473.3091541652184,0.0,normal
3.5035175935410985,412.70110331106474,2044.5990983062857,0.0,normal
4.3545292745149675,377.0816402199584,2263.740416513865,0.0,normal
4.923570685447405,390.1379574822188,1474.7811856220164,0.0,normal
14.22330851617712,8856.078280403093,39.16403455327462,7.0,attack
4.948310541728777,411.61311048592705,2168.356147710306,0.0,normal
1.7699373472397877,534.670997760492,1237.214145969458,0.0,normal
3.9945753873540775,586.1636124497944,2219.5750668502087,0.0,normal
1.1883282713065784,471.1961126077924,1992.218455564853,0.0,normal
0.5294494591428089,565.9451241113611,2042.432729180552,0.0,normal
19.809198329267154,12602.562483141399,45.24676582317811,26.0,attack
3.767083313413534,466.86477009121506,1983.5627574237828,0.0,normal
47.74014142532956,20201.732994532445,36.873394392007214,12.0,attack
3.869193424406855,362.61651751013403,1543.2707101838887,0.0,normal
3.1915167721229007,625.228366195664,1485.1945144552997,0.0,normal
0.21853964306764073,514.9597957518788,2285.2430430398454,0.0,normal
3.437477484428416,480.180432362028,2452.8588002486827,0.0,normal
1.2168822964555144,284.761645539082,2983.458481254127,0.0,normal
28.080331519483245,11098.790419700716,54.42302156135341,8.0,attack
2.846159091804156,537.5455857627253,2239.9698705741393,0.0,normal
3.4276013638079994,551.3614464231097,1722.3569486994818,0.0,normal
3.825420133298462,450.3468264518031,2367.0531679036244,0.0,normal
10.807796923373317,11791.499074663841,54.806112152485944,7.0,attack
3.8737752376097707,466.5197012555498,2265.400791836365,0.0,normal
2.243627117916273,558.2737583173864,1284.3225764727865,0.0,normal
3.2535307064629726,554.4220352340348,1702.7481520254964,0.0,normal
3.505260335622063,424.1234742064625,1325.1751648899296,0.0,normal
46.8214092495851,9299.11035087328,60.90244283658065,31.0,attack
0.8000922105631174,639.0972358001401,1462.1747582125563,0.0,normal
31.488327175795547,2045.7707157065206,51.695976763949346,25.0,attack
0.6177569528825452,364.9444035657017,1171.4282074338475,0.0,normal
3.877517038755855,548.7305237044994,2116.9325505046236,0.0,normal
4.642842081406294,450.843806098107,2091.1401117689347,0.0,normal
1.0777580095528112,585.6702480242556,1506.2385187865027,0.0,normal
2.9941253865737254,526.4254763607339,2385.025054458793,0.0,normal
4.850120379442909,395.98062801841024,1839.6080690740005,0.0,normal
2.8783796788346727,609.6069907477398,2323.452261628283,0.0,normal
2.737826521952996,355.90183654750814,1511.3179412581446,0.0,normal
29.431364574209297,11550.344119375752,36.449139342249936,46.0,attack
2.652694088633007,550.7020272135356,1592.0452324257235,0.0,normal
4.030765205694794,401.2126659099251,1439.616174651875,0.0,normal
1.8749536640962132,431.6365717713612,2032.203761215971,0.0,normal
3.329322509647939,425.05840130430266,1806.209554372215,0.0,normal
39.612191630239266,14080.405220569693,68.55118573035347,39.0,attack
1.5456994675053657,425.40578735243986,2514.8021807098467,0.0,normal
0.9098940017004914,482.83263460752164,2071.7029805356524,0.0,normal
2.6695123197051425,716.9936588080543,807.4431506534818,0.0,normal
4.5705803935217855,534.8341739246127,1682.8626415913432,0.0,normal
3.991566923257713,508.44667863899474,1929.1686840638783,0.0,normal
2.6842581484011143,545.66880107304,2168.2498944104505,0.0,normal
0.3762399335895429,748.5189916678892,1750.063784794574,0.0,normal
2.860637218491937,659.4177956204012,1578.9506551393056,0.0,normal
40.28666501650079,19484.443739360406,36.40798731336677,44.0,attack
2.9499492356470487,539.9228192939327,2302.0487131777836,0.0,normal
4.471214975807149,609.6547118230254,1816.829161431121,0.0,normal
4.128305486941104,440.0177976680151,2191.727507427108,0.0,normal
2.2067923369211266,391.15887643271543,1982.2899296542453,0.0,normal
4.21944483725488,625.433836075734,1880.2220705314503,0.0,normal
1.8649341429151884,374.4864628026605,2237.6674627137454,0.0,normal
0.5972105600435573,429.09790423695097,2519.006263657981,0.0,normal
4.906838152997157,635.9189494164025,2031.8511798828854,0.0,normal
4.794560052584963,574.3651775540174,2228.177986566348,0.0,normal
36.79705368645293,14138.287548675993,53.017919306528725,11.0,attack
0.5182025784694633,462.3699275075004,2379.750018758061,0.0,normal
3.376005968942279,361.79824313075625,1487.6246249618048,0.0,normal
3.9257317717353555,807.6860370180503,2528.9803569193964,0.0,normal
45.89186354133179,6384.634475439278,56.25476000304051,29.0,attack
1.3717547375628427,502.5385277972272,2113.7025394958105,0.0,normal
4.154842718320885,637.8467355453809,2652.417381659665,0.0,normal
34.59640343207763,19810.34180949264,63.44433908083005,14.0,attack
2.655100218417713,407.0863659490242,822.1482549363211,0.0,normal
15.061076561963027,8355.552516645954,76.79628693900003,46.0,attack
45.83338706760649,3768.0325073041886,31.60362127437697,27.0,attack
0.22236114437354304,350.44584635017964,1813.967837334337,0.0,normal
1.1250087804988465,341.9396059190831,2429.135215090936,0.0,normal
0.9912124135558097,441.4072326682245,2010.9444105824173,0.0,normal
2.670105808894248,447.1702953337021,2372.2931992365648,0.0,normal
24.77320675278579,5225.654592079618,40.88217712331358,39.0,attack
10.30921069361396,17116.324605328304,57.1591041612881,16.0,attack
18.339778998170424,16489.700967675664,53.00175049284521,13.0,attack
16.40512960738561,15543.37209977862,52.96200443354838,7.0,attack
48.78288207346233,13603.196156786335,30.97373763568558,7.0,attack
0.2283638718071175,498.57296470506117,1592.7985895034046,0.0,normal
1.4573613691972962,390.09607754681406,2136.8072905828526,0.0,normal
36.03533940495478,8288.774349266041,52.10635445215058,36.0,attack
2.36685248802265,380.5810598907711,2532.085351170522,0.0,normal
4.556327593592486,425.95098936678414,3002.2116518375856,0.0,normal
3.1757694600499478,358.47328080758126,2167.5271759560856,0.0,normal
19.765472832276252,8418.517318175776,71.05856344363326,7.0,attack
3.3354833265365573,470.5544242411966,2266.8476240030964,0.0,normal
4.129869630974564,376.7568760836,1355.2499651380099,0.0,normal
1.7425194321172766,424.1029301096655,2110.0946571025665,0.0,normal
1.5843614376381034,410.4572039074958,1460.8424666853862,0.0,normal
1.5818556052648285,458.6576229363559,2016.1324053856265,0.0,normal
0.7404808460269775,443.055022550789,1532.0843851047173,0.0,normal
2.0821841893119615,473.6692193122084,1899.7144096721158,0.0,normal
1.6892353902653408,402.51934240771584,2784.259492736277,0.0,normal
17.423209471342215,8860.57855809047,74.4178858532977,29.0,attack
3.1767119085054483,600.1824853681937,2445.6719508026235,0.0,normal
3.3264139898262854,340.2127865505162,2399.0455243307806,0.0,normal
2.5757366249945,523.2786742940164,1233.658014538133,0.0,normal
1.0388054341006463,494.1279572895371,2460.968189003808,0.0,normal
2.225835221990697,367.8444213488949,1456.6445943076365,0.0,normal
0.9070611318182499,457.11520743939263,1754.2277930965477,0.0,normal
33.98560576275865,14250.18197594785,53.62450868625611,46.0,attack
1.7024624916598698,538.6382653848061,2757.7069076741045,0.0,normal
35.13117836260854,16153.229020890056,34.95851469052021,15.0,attack
29.389654295987683,16677.369489253273,54.54331433152229,43.0,attack
2.266324469930628,566.045995235155,761.2469406854916,0.0,normal
0.15297430981246207,457.101928262758,1441.5295579488181,0.0,normal
28.883113387200527,4649.207682465698,47.058768196238304,49.0,attack
3.3512656101759166,463.27960657882517,1958.7432405443028,0.0,normal
2.488412871422617,469.4380888931687,2667.1145970863454,0.0,normal
2.9454255143159966,607.2541799572759,2587.380900116519,0.0,normal
0.6590693459508735,315.3426952195583,1495.7834897344271,0.0,normal
1.7947995576155016,563.8677139880301,1886.736263808581,0.0,normal
3.877469798354528,500.42298589941515,2173.156355112443,0.0,normal
20.666386335528045,2606.632018448514,63.21880992159802,47.0,attack
2.5653491155025465,350.0818798042302,2061.2454626872272,0.0,normal
1.0845750744293767,775.5217743719902,1398.04317551681,0.0,normal
2.0243806420299397,345.5064077846599,1004.4299255226667,0.0,normal
31.072116754237463,12540.438572103933,57.903490086922886,17.0,attack
33.714080195688865,3346.7545848968684,49.01968928720212,41.0,attack
4.713177563004973,403.4335196476792,2088.2420918314765,0.0,normal
0.60258301665959,714.5824925076488,2249.9108179869045,0.0,normal
4.348454330999998,565.7763176150373,1699.8306704967565,0.0,normal
3.8008250604343594,429.2089059325925,2317.5500057989625,0.0,normal
3.4990429063292945,390.78787996514325,2124.804729104856,0.0,normal
3.5062083148332097,660.4339108308596,3025.6234716347317,0.0,normal
3.6086448688865085,367.76525653167045,2297.5655929568843,0.0,normal
0.6107015337609036,422.87997004507093,1010.4906532551439,0.0,normal
4.451779125776776,498.37768824040586,1655.335465959964,0.0,normal
13.587971880330185,2965.947276975641,66.7768409089981,25.0,attack
48.760518540119996,3638.811863840184,54.79510562941303,13.0,attack
16.046478327529062,13353.435853631165,73.8459780033147,23.0,attack
4.5904606682071245,579.7975254581905,1997.8685311780619,0.0,normal
3.207296477649111,519.8393517177486,1277.2409261273383,0.0,normal
2.384917805086834,361.66592230283896,1956.4923883409313,0.0,normal
4.442290683433791,546.0797243615967,1887.660049185065,0.0,normal
17.456216562724443,6740.239229883071,49.490577209365966,36.0,attack
3.1141327886518795,303.54639618970754,2048.004633998525,0.0,normal
0.39469747874384753,182.32961868039996,1914.2521998058803,0.0,normal
0.5031343889576032,604.8399887813541,2023.1058018354586,0.0,normal
45.170905647316374,8802.724531172082,45.88826604446684,33.0,attack
1.141957444218371,577.0802219987971,2010.6113254171291,0.0,normal
2.664615465734396,466.92251039769474,2832.0960273919495,0.0,normal
18.389559757542635,11229.096109081946,61.84299431156725,33.0,attack
2.069461476685287,555.8336423211706,2119.9363761423624,0.0,normal
4.060352529045189,508.70164803923865,1476.539124946547,0.0,normal
0.47720155816108567,462.1992100981783,2039.2196230418351,0.0,normal
29.19932262115967,15376.95277208207,52.81948873809051,15.0,attack
0.6983385786491313,477.8463402416262,2202.912043336907,0.0,normal
4.020017060642039,525.7600857398129,1803.3994981589049,0.0,normal
4.6871583933878265,444.9884717063461,3144.395330440145,0.0,normal
4.862826115194531,495.8707312992717,1095.8523357502427,0.0,normal
31.495353697574725,6583.094817399352,41.48028754950026,33.0,attack
0.610137281982415,474.37191757484277,2270.2947709061204,0.0,normal
3.7370406172755275,632.099578954071,1613.109710554671,0.0,normal
0.8225173808607914,520.1652905129255,1828.404215656644,0.0,normal
28.349152968009633,4486.118130898404,43.1864839356479,29.0,attack
17.11193354260995,22516.18902534744,41.987796401871165,13.0,attack
0.30556099481501775,556.4842358600123,1887.3242574779001,0.0,normal
0.3752627790024512,461.21242181375305,2518.502662184579,0.0,normal
0.4616031672034544,542.1546083536562,2926.020022406835,0.0,normal
2.7114931541015435,501.5182942540433,1812.4455025282177,0.0,normal
2.6312058793852975,511.08863828284177,2207.9013628602224,0.0,normal
45.78856419022451,4129.288137594427,44.27413951873473,8.0,attack
2.7912106570599904,615.3590343316926,2959.303166938104,0.0,normal
3.9589905207080185,478.58496892888115,2598.5892657309564,0.0,normal
0.5305458458096834,306.3247297497535,2094.0366784958865,0.0,normal
2.2470752049168885,555.7137618403482,2186.040739333693,0.0,normal
4.324008989847636,452.12414284783114,2026.948673516603,0.0,normal
37.89996144148378,17045.22983206045,51.404669757348564,34.0,attack
0.2807460420372107,397.4247316359723,2169.49675690471,0.0,normal
41.565758051716486,18393.919036934276,64.60680332129137,26.0,attack
4.187308525303311,395.28424313097355,1886.053720617083,0.0,normal
0.16735321465559175,508.45269837843244,2285.4704969710992,0.0,normal
0.8217849169669547,564.5890420275892,1906.4712417631688,0.0,normal
0.4378942801464638,498.9132862965028,1768.5718571428101,0.0,normal
3.517359309509516,681.3407698515423,2378.516032526989,0.0,normal
4.06114700577066,438.23583230663036,2495.595556463333,0.0,normal
1.6006427418543974,522.7495875732054,1965.8568961178546,0.0,normal
0.6411161307144031,513.9028686953126,1736.1492940396972,0.0,normal
2.9057754411219103,495.85282220008526,1986.0152927565089,0.0,normal
3.7184011253315004,542.532130833011,1657.7797989569087,0.0,normal
0.6736283804952687,408.1873016583425,2408.990772226931,0.0,normal
4.598575105775838,407.2446669188272,2069.65981536478,0.0,normal
1.836682249085969,364.6245325290241,1933.1103137393802,0.0,normal
0.6223058485091546,454.6363612408317,1604.991451592396,0.0,normal
4.095760999428688,297.41921268886233,2843.7740276183968,0.0,normal
0.3037070093469213,520.9470083647773,2086.9736042064055,0.0,normal
3.4642905761137737,602.1622984073039,1977.4779409945381,0.0,normal
0.7704112915029109,478.28689250537974,1806.9987121752804,0.0,normal
3.378209452912631,539.9317601719131,2266.4458601135198,0.0,normal
31.78288365955337,9230.956110594823,48.370878066237644,6.0,attack
3.318009656252332,317.8913930705504,1658.0755497502118,0.0,normal
3.556758068389083,481.4902350578781,2049.5072247436287,0.0,normal
0.3461074561734715,456.6126537020811,1837.6901628010294,0.0,normal
2.436810521693053,585.1124098380238,1756.6844059053653,0.0,normal
0.5157047990174405,533.6144963026229,2497.149413343812,0.0,normal
29.85457489865228,3986.64246114004,40.62046591155108,19.0,attack
3.1667135869997587,493.8996028144617,1612.1966976988044,0.0,normal
0.40061317284227405,447.78684299800074,1316.9429595331576,0.0,normal
1.6207735987255116,636.9701107654184,2143.6362570137135,0.0,normal
0.4949474174099109,459.25398927083984,1804.4218138735787,0.0,normal
1.204052956761052,602.944055592704,2768.698365342145,0.0,normal
4.461475472400661,482.7370865709165,2277.9130137875636,0.0,normal
40.93672843621452,13565.129252164745,55.396547743450704,24.0,attack
25.34888698877818,11533.949812307259,38.45363051115272,15.0,attack
1.3892515925631301,575.6488354316099,2072.12676114102,0.0,normal
2.638239525382662,749.8430483721495,2035.834276940122,0.0,normal
2.646892347924487,583.9349114231602,1628.835993561714,0.0,normal
3.810686593549954,412.25159778443685,2280.7867352855524,0.0,normal
3.181819949221432,533.0851304615578,2304.9400235952094,0.0,normal
2.107388161542364,561.9032946588533,2249.055997822271,0.0,normal
47.90091922204952,4499.287918644821,36.81723707970058,38.0,attack
2.315775238588833,382.3037887230032,2008.187120965647,0.0,normal
39.27871353410848,5488.414227027287,65.58628017070086,22.0,attack
4.481062082412929,303.4444108523495,1147.6890209114422,0.0,normal
23.76399056118946,9564.258038322874,51.73823525244848,16.0,attack
0.2349299273603809,446.69095979841666,1719.4554345095014,0.0,normal
31.636792531491945,12553.677748036367,54.308460051697466,14.0,attack
1.6166853198030062,463.99607312430174,2686.1356583039956,0.0,normal
2.709688219502771,427.6009668257391,574.9849453414088,0.0,normal
2.923812964817385,426.8368261091472,1684.7707729072613,0.0,normal
3.150889614633425,229.24561446188227,1142.4533264087304,0.0,normal
4.379773866600137,406.4403701237574,2239.8126597757864,0.0,normal
4.446723478899075,507.857702971915,2153.0672765513777,0.0,normal
25.551804758456104,6767.357602617427,37.48077739526548,40.0,attack
2.5865918954280978,603.630289207248,2831.465723594919,0.0,normal
4.643171315449318,488.53591644936074,2031.6160732565506,0.0,normal
0.5259094116283761,565.4975584221689,2819.628258370876,0.0,normal
3.3720268988554496,295.0485483811675,1857.2291873463882,0.0,normal
1.0078247413782861,581.9739717258095,2467.0707211168474,0.0,normal
13.827448292236252,9556.969468256953,44.30638807909132,18.0,attack
2.040255316046029,426.13025016704376,1452.0645946006412,0.0,normal
4.061188120579086,494.2049458237282,2402.4712868186734,0.0,normal
0.763751730293985,516.3360354915801,2483.0626627651554,0.0,normal
3.8991961369753647,364.40296551400365,2168.2915227295175,0.0,normal
2.482039377553128,439.27385859139156,2220.709879946475,0.0,normal
47.431993261171655,13438.819242808844,42.963635558907704,16.0,attack
18.145945644931096,14596.30545840646,35.70673529025935,24.0,attack
31.067574357054045,13999.436448529917,32.14258718053737,44.0,attack
3.057116170612556,471.8874515111914,1928.2092056439328,0.0,normal
4.9413762341624,608.7710426157867,1506.7797504503767,0.0,normal
1.8615066409768006,525.2568845996624,1836.7320737327145,0.0,normal
4.922140563278839,602.6894618257915,1578.3508443575238,0.0,normal
0.14428849848853167,665.330963717853,2837.135383035565,0.0,normal
0.21582907162704834,529.0947364339486,1215.3052023126581,0.0,normal
1.198919616356743,380.47062364007553,2029.1063635425282,0.0,normal
0.7956627498288701,434.33106543725864,1935.1634739856997,0.0,normal
4.820465570185585,419.40082689405847,1602.670407927098,0.0,normal
1.8577060745433662,465.81781797538645,1307.7409902875015,0.0,normal
0.691115768392944,418.698562773987,1487.017591259611,0.0,normal
0.30025621970574645,704.2076040143744,3158.8183943369395,0.0,normal
0.12480176084647157,447.4120324104796,2863.9819176908827,0.0,normal
3.900498069534105,581.9373268139407,2664.897182602538,0.0,normal
30.46033459062555,5192.640932447466,45.46646549899412,45.0,attack
0.9514318063651447,402.1259163690234,2516.1946990631986,0.0,normal
2.021258526832406,322.9518862223922,1657.5019249368038,0.0,normal
44.32054630273307,16733.36500700573,30.00013439689709,49.0,attack
3.452741829909569,571.2712028861331,2225.077816973324,0.0,normal
1.0183185260781529,507.9573534942166,1620.0989340061124,0.0,normal
0.6979873507394163,462.7680947062077,2887.745424620024,0.0,normal
30.128186802998556,12934.009253678276,57.18331543194246,32.0,attack
37.57355288800331,9710.669203928295,42.52214895634018,11.0,attack
19.03913538620734,10603.85232775681,44.177329374912226,30.0,attack
0.2516833755047833,433.18569516722334,1194.8684406040998,0.0,normal
4.054647428946844,416.3019645560413,2216.917620044438,0.0,normal
0.1830435579589469,622.8030209608135,2236.319881495006,0.0,normal
2.654350633505281,469.9019687606778,2277.871089021446,0.0,normal
3.224031609640545,577.1920154836675,1685.4810693981944,0.0,normal
40.93412453933718,7977.424576791524,60.21458104015377,45.0,attack
3.9530905706362054,645.3275476042545,2807.936245061157,0.0,normal
1.2175908825497692,540.9636118683993,1416.0673463541448,0.0,normal
3.8457595675699716,448.31531168261716,2069.3175142652253,0.0,normal
1.373534398289881,550.5735432472799,2109.1693752210804,0.0,normal
3.3060335063923136,380.02747349097865,1499.4952277585928,0.0,normal
12.744039395805826,10154.247463784695,44.5064990879867,5.0,attack
4.6780901594207025,347.7665681718256,2537.510607255455,0.0,normal
4.426669741665888,536.0441676292772,2419.972269871014,0.0,normal
1.1217015203509457,493.73517778781786,2441.8033929970843,0.0,normal
1.492943055344832,557.0421173360795,2386.7788531034066,0.0,normal
0.35133986000795636,574.1073780682286,1795.3398927066573,0.0,normal
17.59986036809138,12428.735737277299,54.53274042133176,16.0,attack
3.5163259713572206,427.32580951179807,2656.7365806626185,0.0,normal
30.76366921358913,2832.1803851727964,32.109548457536775,41.0,attack
0.5556541351333476,393.07455062449196,2151.1614501741374,0.0,normal
1.3410346792613042,635.2800534896726,2553.2308854060357,0.0,normal
3.2906231659202034,480.6294620195038,1768.0727852470272,0.0,normal
3.186121206730068,501.2169682282905,2727.700668863096,0.0,normal
0.7412809375199142,558.431416643531,2963.1429274276966,0.0,normal
0.8851054447848808,328.3966751689311,2308.289676153636,0.0,normal
2.884712156343811,427.1727797593387,2198.5233349412,0.0,normal
1.7341459412866067,636.2562852712451,1535.5367587696348,0.0,normal
0.29726421474523734,306.5912254540423,2449.7806883691537,0.0,normal
1.7779950962900957,462.1420256786846,2217.131824961036,0.0,normal
3.358426027032377,279.8756526549082,2374.8833142445924,0.0,normal
3.8867669091226538,408.95132964684785,2576.456628102405,0.0,normal
0.42944748244374964,570.2533313933856,3116.557958566088,0.0,normal
3.498728481621597,413.89503278344245,2216.873804674268,0.0,normal
1.521223106615941,484.1462307583543,1451.4280651147683,0.0,normal
0.5627705077040491,649.7431683179626,2630.4247599996547,0.0,normal
4.362492174104428,534.7561613803553,1672.6151121880253,0.0,normal
1.6053604434042277,353.9499100581512,1969.1119688647198,0.0,normal
0.45866002646537385,562.6613637263071,2280.7363149130665,0.0,normal
3.964126335000201,554.8319627554499,1771.3907303404021,0.0,normal
3.5654693081356537,611.6833775529955,2045.6573643056747,0.0,normal
46.620669148667865,5250.021482401524,62.77876521041972,40.0,attack
44.93477758597675,13937.716621634327,40.022422173406454,16.0,attack
4.548408718029317,655.1245266427729,1518.9293859048075,0.0,normal
3.194645078453351,607.4333004770244,2100.9995053786606,0.0,normal
0.9673513729560594,532.2082310766986,2657.1132878517897,0.0,normal
3.6204243418804958,506.36490614965174,1415.3423674567657,0.0,normal
0.5605115052202582,438.58774349916837,3396.104433954981,0.0,normal
15.726588311103168,4219.363164244839,50.33567648069006,40.0,attack
2.3523578649730403,420.39358622793657,1576.9801636861828,0.0,normal
0.5599006956344454,479.4715980503749,1805.2982192373117,0.0,normal
2.229520208207688,302.403670010838,2192.104610824731,0.0,normal
3.406452880620312,520.3359459998768,1664.0413447675046,0.0,normal
0.4354477247345325,386.5979814065042,2787.293178881171,0.0,normal
1.2700080142646817,362.6597111030251,2460.5129198654968,0.0,normal
0.48915490804603445,529.4971455708821,2634.6278359493103,0.0,normal
1.590786990501735,399.77829810732754,2687.305633788277,0.0,normal
0.8706387200806053,572.4591778723122,2038.539305690747,0.0,normal
1.3967116319342512,557.8928648571235,2770.3761882583863,0.0,normal
0.5737146032689262,573.0958976376216,2314.6803167144462,0.0,normal
3.372807994137773,559.9577541245355,2351.015161833663,0.0,normal
1.373084722850668,592.8245691344324,1617.1944214849061,0.0,normal
0.5562035622489062,567.8931290059278,1549.7757693109866,0.0,normal
4.897007464356563,442.591742291273,2678.8098165250694,0.0,normal
1.6559935312621836,417.41672267619526,1925.1820278741038,0.0,normal
0.5947927234070294,526.8050427589753,2047.6751371663893,0.0,normal
4.017110954654309,444.7079162632698,2583.2641681105015,0.0,normal
4.969857105608521,539.0366194395376,2513.530213436509,0.0,normal
3.8839993695536217,577.9349003905332,2080.324970176558,0.0,normal
1.7368448317769694,367.9506556594969,2178.206291767188,0.0,normal
4.103927895876367,495.4071171259839,2376.445540746892,0.0,normal
0.45498975019333854,594.5869643684146,1565.6162277135452,0.0,normal
2.519688798238951,489.302853014152,2096.494820886465,0.0,normal
0.296289683348403,639.922795007116,1860.9400678168329,0.0,normal
3.8289388251274215,615.2648103261693,1000.827516427687,0.0,normal
1.4461844750456458,483.0147642322269,936.5832561003674,0.0,normal
4.5514077505347785,260.9695632530562,2222.426768778744,0.0,normal
2.758958710067126,385.89914902472617,2751.367163152794,0.0,normal
40.96246827784464,12531.933736164474,54.888458898129876,38.0,attack
1.3094369590893211,688.8436939614256,38.79987419082886,0.0,normal
1.5929277815804,561.9738784702869,2471.7988881364727,0.0,normal
1.5074710591050007,541.9705608357266,3092.865308361287,0.0,normal
2.8541566925725985,422.1905214167286,1936.4003080087784,0.0,normal
1.0984556497256766,403.4217367136041,1596.7400837717194,0.0,normal
35.575635436120066,5875.196567043796,69.83373599422575,18.0,attack
33.81493466195574,11844.586014541233,58.54627310550703,25.0,attack
2.9279006715877722,405.7939816425755,1701.3094694774286,0.0,normal
3.388671619560475,359.3022537896011,2481.105289290549,0.0,normal
2.36382843785625,553.762990294988,2560.4835118071887,0.0,normal
0.9213341598127566,565.5403829850237,2581.500484852652,0.0,normal
41.917254700452624,9945.30474019957,54.011382612642294,44.0,attack
4.762079645749151,449.3810938914664,1052.7094247638486,0.0,normal
0.2589728856312161,353.5025253895111,2421.8950129407876,0.0,normal
2.7850014959710956,462.43663342344644,1746.141615425143,0.0,normal
38.780066201910635,9217.48084895395,63.10194856054301,31.0,attack
4.32770567996182,495.01198458718824,1934.599703136522,0.0,normal
3.455182745514009,537.3348559711399,1663.5473339952991,0.0,normal
1.3338153886440687,537.9153118726124,1013.955486678091,0.0,normal
40.64319996472885,14890.014879992043,64.3995404142863,25.0,attack
0.5761648194767659,520.7802507353314,1544.1913489230487,0.0,normal
3.351158668629474,695.3259137526568,2382.1066016694276,0.0,normal
3.3519887102769763,426.47989652367534,1908.919708071038,0.0,normal
3.8809718637951782,284.62694262085387,2301.8907347764793,0.0,normal
25.76681818334025,5807.096702592488,56.46045343428732,15.0,attack
2.4750118069372307,506.2331349619123,2443.289746378825,0.0,normal
2.9927036832479876,571.5734241170841,1985.3241489421528,0.0,normal
2.045209433663989,632.0414009783834,1865.8156004313096,0.0,normal
3.3693404522514876,619.7168027247853,1645.7559492354544,0.0,normal
3.6903940264522093,591.987151595443,2521.0952884915087,0.0,normal
31.294045060685562,11474.153446048473,47.75079769064478,27.0,attack
2.234358242583372,377.9679310056024,1432.1820476210855,0.0,normal
3.1514916758752216,452.31235393561644,2245.501972978877,0.0,normal
2.942422418405275,392.02636787241516,1805.7158897543986,0.0,normal
24.126176091301513,9582.946326267192,46.27437719429085,28.0,attack
2.230653959158357,236.92698631709368,1987.4056582352603,0.0,normal
2.4326469707755884,679.8725018351312,1526.754602005786,0.0,normal
1.0057868320750827,583.019181186261,2744.7997047238246,0.0,normal
42.287190808099645,13502.976986385636,41.74212874745493,23.0,attack
3.5209923986967517,516.048962397348,2379.8936184765384,0.0,normal
4.8095638784972055,424.61378863090385,2626.173181149004,0.0,normal
2.752206235512941,550.3252064749505,1323.5670555179806,0.0,normal
1.842796310678251,520.7603351400626,1993.0133857619633,0.0,normal
45.4091593684469,13019.585207416872,59.944144200902386,15.0,attack
4.50209368626177,454.01407376848596,1800.836493559186,0.0,normal
2.007229311289764,437.7729777106004,2417.6667176824176,0.0,normal
31.7559368285259,13916.521185443567,56.29085409014,48.0,attack
4.456726827306048,493.35510246905443,2623.651825332339,0.0,normal
45.47729585268688,8468.022864567401,49.75302356915008,29.0,attack
1.8376485724398053,686.8817840543853,1783.6812418332358,0.0,normal
1.2415014262928057,511.053531747394,1800.7773625053167,0.0,normal
3.54812892018235,608.990495909083,1403.3121157283424,0.0,normal
2.536517678872689,533.8552876285914,1669.4874726862529,0.0,normal
3.9199639204770915,416.39378478999754,2560.8445711939594,0.0,normal
1.860122860215183,634.9179048888705,1515.8320683732204,0.0,normal
1.285279758468311,438.02278717461223,1466.2830335197505,0.0,normal
4.782692341325792,536.3970630852738,2567.810292745738,0.0,normal
29.03187259978404,9250.609832389158,51.108363786922226,44.0,attack
3.7163647204892154,310.99898288170573,2169.4879468341305,0.0,normal
48.25036792109525,19133.23539655969,73.33035562111468,19.0,attack
0.7291320183252137,610.3933546701908,2440.531093690333,0.0,normal
1.2005636324059117,692.3445794824953,2162.379119766771,0.0,normal
0.29957113136295366,446.4683287432341,2000.8915205523044,0.0,normal
4.835445190745396,503.76965731239227,2249.5552533994705,0.0,normal
3.9977048078696735,460.0121761331628,1788.049463833702,0.0,normal
1.6941186207399954,447.55518637373484,2777.599267073671,0.0,normal
2.2442553078714207,554.3390827871809,1975.6171740784423,0.0,normal
41.04466393654002,10383.664296964784,47.522928015655026,36.0,attack
25.607838689996093,12109.136430804385,50.57754146667228,32.0,attack
3.9053245786795348,594.2788514140076,1981.1564396288811,0.0,normal
1.2136211735894424,475.13841462333227,1455.6532947618289,0.0,normal
1.76330594345975,585.0079332417554,2301.856620272098,0.0,normal
3.7431904558288784,489.2735234189058,1338.0244578902186,0.0,normal
2.7459283606076923,519.9423985986767,2356.2408822169023,0.0,normal
4.275689351560847,503.94470482407394,1561.1913215685474,0.0,normal
0.29319137570567894,483.93688804745057,2631.927969548194,0.0,normal
4.276092984516789,516.1698526704753,2757.140367860242,0.0,normal
3.218233979513535,580.7046416606687,1968.9319667653458,0.0,normal
3.6682601081981123,401.76964196226857,2621.7141390514626,0.0,normal
2.5807036915264936,438.70167287293106,1290.0614178645355,0.0,normal
1.0100920528254096,495.5726680155351,1635.6049018113083,0.0,normal
2.828246063548121,390.3124920616014,2997.06187036722,0.0,normal
0.897675847110524,352.3737455998221,1581.088469416109,0.0,normal
0.30786926121376934,508.7473753680739,2152.5427023533766,0.0,normal
0.15939179575507706,448.17473611387976,1560.1781622243798,0.0,normal
1.800070689291516,291.79012968110123,1579.6140550506875,0.0,normal
35.99162910050499,10811.116084494159,50.39355754994195,20.0,attack
0.8899843075446217,564.6489537725771,1582.8643284660172,0.0,normal
3.4630032637618777,547.5588435928582,2112.6348610075233,0.0,normal
2.5631272138214216,606.1370964873133,477.67173037841894,0.0,normal
31.182523745933487,3451.34012816184,43.892373442682626,20.0,attack
4.191241307902578,535.3770630891389,1330.2410382174814,0.0,normal
4.203098690873738,537.3533683411769,2649.935621765302,0.0,normal
14.564590287471141,19798.419909779415,49.763820205815435,44.0,attack
4.510113304650255,618.4256645196173,2073.237805826659,0.0,normal
4.555669970186032,542.5444864184173,2032.51231559439,0.0,normal
32.01969877863671,6097.976970356863,47.62276626652887,14.0,attack
18.209357071212366,11594.135217897652,43.662113542221995,37.0,attack
3.1587661799785614,359.31849905024615,1860.813516196053,0.0,normal
0.4513882553534899,577.5115121589085,1832.1106911297888,0.0,normal
2.7926915233863046,377.7104980444436,2682.1631220854333,0.0,normal
4.843522479048719,390.15907820374474,2457.826902129172,0.0,normal
36.38387308235259,7924.543316373356,49.18365639988756,14.0,attack
0.2730256392071715,604.691179448814,2018.7765383302815,0.0,normal
27.511981250990942,12938.474509339061,50.28565762777586,22.0,attack
49.82197058958277,11644.457683635204,54.32120243983769,32.0,attack
4.652783648075768,439.21761073843754,2442.221218690869,0.0,normal
49.39463761379371,-1148.3832036499061,49.52941459225613,48.0,attack
2.471547904080761,317.0318184791917,2181.4978517163436,0.0,normal
2.704703548164983,499.4893367972775,2395.5700021779417,0.0,normal
4.658952258829695,331.91295407618793,2673.0517119312403,0.0,normal
3.4302716851960424,382.05403354922197,2394.145828318002,0.0,normal
3.8054467083558667,690.0268424310965,2733.22119559429,0.0,normal
25.99434780548862,14748.501921389348,55.6524712397473,35.0,attack
1.576199777724002,584.2297327013903,1638.4157805853035,0.0,normal
4.65394234672517,597.888955855678,2329.0715180012817,0.0,normal
2.1489094619977185,493.62547144960337,2093.0342162352736,0.0,normal
4.5839413351945115,337.2995079133251,3384.1868028129716,0.0,normal
1.5970691222243156,475.22475817602907,2032.8688300236438,0.0,normal
2.423849602787073,444.9412932999293,1522.7806868545183,0.0,normal
3.9691288996933145,393.3765068100775,1285.5476967441366,0.0,normal
1.056315934371387,561.4944639031378,1507.793476912394,0.0,normal
2.4517002901139056,386.7215048732255,1983.7480534711553,0.0,normal
3.2592517180264116,536.5759986092916,1437.4518364884855,0.0,normal
4.821146280349183,561.2332214002512,2343.3870352516774,0.0,normal
0.8857904899867415,417.9121077590313,1315.2681126719708,0.0,normal
32.47592412005706,-2617.28681256235,40.9570481334841,10.0,attack
3.6843328026677757,483.08773143571835,1502.5718237662295,0.0,normal
0.36770865800476427,738.7967705524732,2890.842393233426,0.0,normal
2.4668945180385613,434.0251358746034,1655.6527832773827,0.0,normal
3.641414985970143,553.0683123010048,2611.8968112565826,0.0,normal
0.382037924081557,692.0367502144261,1985.8910605313852,0.0,normal
3.33896984581187,495.9666089785956,2753.073620387473,0.0,normal
4.580064152146445,396.8044757905565,3318.3345709727946,0.0,normal
2.1085339595118127,581.6837011430981,2688.667514764171,0.0,normal
1.2609732920425785,443.4939526448808,1437.899951526511,0.0,normal
27.108046832769542,9486.162692562002,32.15061467127896,17.0,attack
2.9448829163624133,292.2188180143803,2163.497256635049,0.0,normal
0.817537657353799,514.2990634809216,2413.2265554293813,0.0,normal
1.5814329218223195,597.0316201788281,1810.187751661583,0.0,normal
2.0717906705666276,383.59493675941746,1582.5850447266635,0.0,normal
3.672007202113501,479.30154109016314,1859.3982022986165,0.0,normal
2.7332384543958224,815.2056734512084,1963.5711555794724,0.0,normal
40.61728866979087,13242.733738164989,43.24062335196173,21.0,attack
4.114025411191272,439.16492353206627,1944.0764479568436,0.0,normal
1.8125812232254122,440.87152111981055,2173.2635091565003,0.0,normal
4.5812884528579385,641.6411791700293,2020.153849665124,0.0,normal
3.071502392331991,320.61075021321096,2529.7827863116986,0.0,normal
0.8432069106904808,594.9594571364488,1655.444101139105,0.0,normal
3.6417900857215706,577.0750209618787,1858.6203361853159,0.0,normal
3.535584012645621,633.2551467665128,1760.7228666411409,0.0,normal
0.7894864874389163,366.4137595831387,2893.6199823023344,0.0,normal
38.94985541631142,10040.33379705568,32.28943197662818,17.0,attack
4.759550113062487,436.906916626221,1847.2502684731735,0.0,normal
17.01819880787764,-1680.3480251063156,43.70625788793544,15.0,attack
1.1146714651331908,595.4085102156628,2061.7646009205464,0.0,normal
4.6117563814704505,441.420727655131,2222.8799256085645,0.0,normal
4.756163033721932,552.6536683672307,2091.049122907931,0.0,normal
2.609255985666477,591.3771621385586,3471.5241676343107,0.0,normal
1.7214003217779812,501.249932190725,2344.1026532264414,0.0,normal
